journal_entry_id,company_id,journal_type_id,journal_entry_code,journal_entry,serial_number,entry_date,debit_credit_balanced,cancelled,audited,closing_type,last_modified,user_id
0,0,0,,,0,2002-04-16 12:21,0,0,0,0,2002-04-16 12:21,0
4273,1,13,2014,Entering final balances for each accout by the end of FY2014,14001,2014-12-31 0:00,1,0,0,0,2015-02-24 17:05,2
4274,1,13,CA-2017,TAX RETURNS DECEMBER 2014,15001,2015-01-19 0:00,1,0,0,0,2015-02-24 16:09,2
4275,1,15,GR-001,Expenses Report January??2015.,15002,2015-01-02 0:00,1,0,0,0,2015-02-24 16:11,2
4276,1,15,GR-002,Expenses Report January??2015.,15003,2015-01-02 0:00,1,0,0,0,2015-02-24 16:13,2
4277,1,13,CA-2019,Company Expenses paid by Employee January??15.,15004,2015-01-26 0:00,1,0,0,0,2015-02-24 16:19,2
4278,1,13,CA-2018,General expenses CC January??2015.,15005,2015-01-21 0:00,1,0,0,0,2015-02-24 16:21,2
4279,1,13,CA-2016,Sales January??2015 F-K1038 Customer.,15006,2015-01-15 0:00,1,0,0,0,2015-02-24 16:23,2
4280,1,16,SA-001,INVOICE PAYMENT K1037Customer January??2015.,15007,2015-01-21 0:00,1,0,0,0,2015-02-24 16:26,2
4281,1,15,GR-003,L.A Travel Expenses January??2015.,15008,2015-01-30 0:00,1,0,0,0,2015-04-14 16:41,4
4282,1,13,CA-2020,Bank Account Fees January 2015.,15009,2015-01-30 0:00,1,0,0,0,2015-02-24 16:32,2
4283,1,13,CA-2022,Sales February??2015 F-K1039 Customer.,15010,2015-02-04 0:00,1,0,0,0,2015-03-12 12:22,2
4284,1,15,GR-004,"INT.87711014   ROFOBOS SPECIALISTS, INC February??2015",15011,2015-02-24 0:00,1,0,0,0,2015-03-12 12:44,2
4285,1,15,GR-005,l.A Travel Expenses with credit card February??2015.,15012,2015-02-28 0:00,1,0,0,0,2015-03-12 13:35,2
4286,1,15,GR-006,Expenses paid through CC 8085   February??2015.,15013,2015-02-28 0:00,1,0,0,0,2015-03-12 16:40,2
4287,1,13,CA-2024,L.A Travel Expenses February??2015.,15014,2015-02-28 0:00,1,0,0,0,2015-03-12 15:16,2
4288,1,13,CA-2025,Bank Account Fees February 2015.,15015,2015-02-28 0:00,1,0,0,0,2015-03-12 15:24,2
4289,1,16,SA-002,INVOICE PAYMENT K1038 Y 1039Customer February??2015.,15016,2015-02-17 0:00,1,0,0,0,2015-03-12 15:55,2
4290,1,13,CA-2023,TAX RETURNS January 2015,15017,2015-02-16 0:00,1,0,0,0,2015-03-12 15:59,2
4291,1,13,CA-2021,VAT debitED TRANSFER January??2015.,15018,2015-01-31 0:00,1,0,0,0,2015-03-13 13:27,2
4292,1,13,CA-2026,debit TAX TRANSFER February??2015.,15019,2015-02-28 0:00,1,0,0,0,2015-03-13 13:31,2
4293,1,13,CA-2015,VAT debitED TRANSFER DIC??2014.,15020,2015-01-01 0:00,1,0,0,0,2015-03-13 13:34,2
4294,1,15,GR-007,"INT.41675009   ROFOBOS SPECIALISTS, INC March??2015",15021,2015-03-11 0:00,1,0,0,0,2015-04-14 11:30,4
4295,1,15,GR-008,"INT.41675017   ROFOBOS SPECIALISTS, INC March??2015",15022,2015-03-11 0:00,1,0,0,0,2015-04-14 11:30,4
4296,1,15,GR-010,"INT.19135009   ROFOBOS SPECIALISTS, INC March??2015",15023,2015-03-25 0:00,1,0,0,0,2015-04-14 11:28,4
4297,1,14,BK-001,CHQ.2084  To replenish petty cash Mar??15.,15024,2015-03-04 0:00,1,0,0,0,2015-04-14 14:32,4
4298,1,15,GR-009,INT.87033005   debit Card Payment  March??2015.,15025,2015-03-13 0:00,1,0,0,0,2015-04-14 14:37,4
4299,1,14,BK-002,CHQ. 2085   AAA BBB March ??2015.,15026,2015-03-09 0:00,1,0,0,0,2015-04-14 16:22,4
4300,1,15,GR-011,Expenses paid through CC 8085   March??2015.,15027,2015-03-31 0:00,1,0,0,0,2015-04-14 17:03,4
4301,1,13,CA-2027,"Sales March??2015 F-K1040,1041,1042 Customer, CLIENT .",15028,2015-03-31 0:00,1,0,0,0,2015-04-15 10:13,4
4302,1,13,CA-2028,Bank Account Fees March 2015.,15029,2015-03-31 0:00,1,0,0,0,2015-04-15 10:16,4
4303,1,16,SA-003,INVOICE PAYMENT K1040Customer March??2015.,15030,2015-03-12 0:00,1,0,0,0,2015-04-15 10:40,4
4304,1,13,CA-2029,Mobile Bill paid by employee March??2015.,15031,2015-03-31 0:00,1,0,0,0,2015-04-15 11:08,4
4305,1,15,GR-013,"INT.70682009   ROFOBOS SPECIALISTS, INC April??2015",15032,2015-04-28 0:00,1,0,0,0,2015-05-13 16:34,4
4306,1,15,GR-012,INT.85867006  debit Card Payment  April??2015.,15033,2015-04-14 0:00,1,0,0,0,2015-05-13 16:41,4
4307,1,13,CA-2030,"Sales April??2015 F-K1043,1044  CLIENT , CUSTOMER ABC (COLOMBIA),LTDA.",15034,2015-04-30 0:00,1,0,0,0,2015-05-14 11:02,4
4308,1,15,GR-014,Expenses paid through CC 8085  April??2015.,15035,2015-04-30 0:00,1,0,0,0,2015-05-14 11:28,4
4309,1,13,CA-2031,Spain Travel Expenses April??2015.,15036,2015-04-30 0:00,1,0,0,0,2015-05-14 12:22,4
4310,1,13,CA-2032,Mobile Bill paid by employee April??2015.,15037,2015-04-30 0:00,1,0,0,0,2015-05-14 12:25,4
4311,1,13,CA-2033,Bank Account Fees April 2015.,15038,2015-04-30 0:00,1,0,0,0,2015-05-14 12:36,4
4312,1,16,SA-004,"INVOICE PAYMENT K1041,1042 Y 1043 Pacific Client April??2015.",15039,2015-04-13 0:00,1,0,0,0,2015-05-14 16:09,4
4313,1,16,SA-005,"INVOICE PAYMENT K1044 CUSTOMER ABC (COLOMBIA),LTDA April??2015.",15040,2015-04-30 0:00,1,0,0,0,2015-05-14 16:08,4
4314,1,15,GR-015,INT.25310006  debit Card Payment  May??2015.,15041,2015-05-11 0:00,1,0,0,0,2015-06-15 11:56,4
4315,1,15,GR-017,"INT.61190012   ROFOBOS SPECIALISTS, INC May??2015",15042,2015-05-27 0:00,1,0,0,0,2015-06-15 11:58,4
4316,1,15,GR-016,"INT.61151009   ROFOBOS SPECIALISTS, INC May??2015",15043,2015-05-12 0:00,1,0,0,0,2015-06-15 12:01,4
4317,1,13,CA-2035,"Sales May??2015 F-K1045,1046  CLIENT , CUSTOMER ABC (COLOMBIA),LTDA.",15044,2015-05-30 0:00,1,0,0,0,2015-06-15 12:07,4
4318,1,13,CA-2036,Bank Account Fees May 2015.,15045,2015-05-31 0:00,1,0,0,0,2015-06-15 12:14,4
4319,1,15,GR-018,Expenses paid through CC 4884   May??2015.,15046,2015-05-28 0:00,1,0,0,0,2015-06-16 10:48,4
4320,1,15,GR-019,Expenses paid through CC 8085   May??2015.,15047,2015-05-30 0:00,1,0,0,0,2015-06-15 13:15,4
4321,1,13,CA-2037,Company Expenses paid by EmployeeMay??2015.,15048,2015-05-31 0:00,1,0,0,0,2015-06-15 13:24,4
4322,1,13,CA-2034,Spain Travel Expenses April??2015.,15049,2015-05-01 0:00,1,0,0,0,2015-06-15 17:12,4
4323,1,16,SA-006,INVOICE PAYMENT K1046 Pacific Client May??2015.,15050,2015-05-20 0:00,1,0,0,0,2015-06-16 10:26,4
4324,1,15,GR-026,"INT.69384033  SWITECH CONSULTING SERVICES, LLC June??2015",15051,2015-06-26 0:00,1,0,0,0,2015-07-15 16:36,4
4325,1,15,GR-021,INT.85480036  debit Card Payment  June??2015.,15052,2015-06-11 0:00,1,0,0,0,2015-07-15 16:26,4
4326,1,15,GR-022,"INT.85480028  SWITECH CONSULTING SERVICES, LLC June??2015",15053,2015-06-11 0:00,1,0,0,0,2015-07-15 16:38,4
4327,1,16,SA-008,Loan RROOYYO A.  June??2015.,15054,2015-06-22 0:00,1,0,0,0,2015-07-15 16:59,4
4328,1,16,SA-009,Loan RROOYYO A.  June??2015.,15055,2015-06-23 0:00,1,0,0,0,2015-07-15 16:59,4
4329,1,16,SA-011,Loan Payment June??2015.,15056,2015-06-26 0:00,1,0,0,0,2015-07-15 17:00,4
4330,1,16,SA-007,Loan XXX I EEEEE A  June??2015.,15057,2015-06-10 0:00,1,0,0,0,2015-07-15 17:02,4
4331,1,15,GR-027,Loan Payment  June??2015.,15058,2015-06-26 0:00,1,0,0,0,2015-07-15 17:04,4
4332,1,13,CA-2038,"Sales June??2015 F-K1047,1048  CLIENT , CUSTOMER ABC (COLOMBIA),LTDA.",15059,2015-06-30 0:00,1,0,0,0,2015-07-16 9:58,4
4333,1,15,GR-023,Petty Cash Replenishment  June??2015,15060,2015-06-20 0:00,1,0,0,0,2015-07-16 10:10,4
4334,1,15,GR-024,Petty Cash Replenishment  June??2015,15061,2015-06-22 0:00,1,0,0,0,2015-07-16 10:17,4
4335,1,15,GR-025,Petty Cash Replenishment  June??2015,15062,2015-06-25 0:00,1,0,0,0,2015-07-16 10:18,4
4336,1,15,GR-028,Expenses paid through CC 9036   June??2015.,15063,2015-06-30 0:00,1,0,0,0,2015-07-16 10:40,4
4337,1,13,CA-2039,Company Expenses paid by Employee  June??2015.,15064,2015-06-30 0:00,1,0,0,0,2015-07-16 10:54,4
4338,1,15,GR-020,Expenses paid through CC 4884   June??2015.,15065,2015-06-02 0:00,1,0,0,0,2015-07-16 10:57,4
4339,1,13,CA-2040,Bank Account Fees June 2015.,15066,2015-06-30 0:00,1,0,0,0,2015-07-16 11:03,4
4340,1,16,SA-010,"INVOICE PAYMENT K1045 Y K 1048 CUSTOMER ABC (COLOMBIA),LTDA June??2015.",15067,2015-06-25 0:00,1,0,0,0,2015-07-16 11:28,4
4341,1,15,GR-032,"INT.26346010  SWITECH CONSULTING SERVICES, LLC July??2015",15068,2015-07-28 0:00,1,0,0,0,2015-08-14 10:42,4
4342,1,15,GR-029,"INT.15633017   SWITECH CONSULTING SERVICES, LLC July??2015",15069,2015-07-13 0:00,1,0,0,0,2015-08-14 10:39,4
4343,1,15,GR-030,INT.15633009   debit Card Payment  July??2015.,15070,2015-07-13 0:00,1,0,0,0,2015-08-14 10:45,4
4344,1,13,CA-2041,"Sales July??2015 F-K1049,1050  CLIENT , CUSTOMER ABC (COLOMBIA),LTDA.",15071,2015-07-31 0:00,1,0,0,0,2015-08-14 16:39,4
4345,1,15,GR-033,Expenses paid through CC 9036   July??2015.,15072,2015-07-31 0:00,1,0,0,0,2015-08-14 16:42,4
4346,1,13,CA-2042,Company Expenses paid by Employee  July??2015.,15073,2015-07-31 0:00,1,0,0,0,2015-08-14 16:55,4
4347,1,13,CA-2043,Bank Account Fees July 2015.,15074,2015-07-31 0:00,1,0,0,0,2015-08-14 17:00,4
4348,1,16,SA-012,"INVOICE PAYMENT K1050 CUSTOMER ABC (COLOMBIA),LTDA July??2015.",15075,2015-07-20 0:00,1,0,0,0,2015-08-17 10:28,4
4349,1,15,GR-031,Expenses paid through CC 4884   July??2015.,15076,2015-07-13 0:00,1,0,0,0,2015-08-17 10:35,4
4350,1,13,CA-2044,Company Expenses paid by Employee  July??2015.,15077,2015-07-31 0:00,1,0,0,0,2015-08-17 12:16,4
4351,1,15,GR-035,"INT.34150010   SWITECH CONSULTING SERVICES, LLC August??2015",15078,2015-08-07 0:00,1,0,0,0,2015-09-11 16:53,4
4352,1,15,GR-036,"INT.14805010   SWITECH CONSULTING SERVICES, LLC. August??2015",15079,2015-08-25 0:00,1,0,0,0,2015-09-11 16:54,4
4353,1,15,GR-034,INT.54793012  debit Card Payment  August??2015.,15080,2015-08-04 0:00,1,0,0,0,2015-09-11 16:56,4
4354,1,15,GR-037,Expenses paid through CC 4884   August??2015.,15081,2015-08-28 0:00,1,0,0,0,2015-09-11 17:05,4
4355,1,15,GR-038,Expenses paid through CC 9036   August??2015.,15082,2015-08-28 0:00,1,0,0,0,2015-09-11 17:12,4
4356,1,13,CA-2045,Company Expenses paid by Employee  August??2015.,15083,2015-08-31 0:00,1,0,0,0,2015-09-14 10:10,4
4357,1,13,CA-2046,"Sales August??2015 F-K1051,1052  CLIENT , CUSTOMER ABC (COLOMBIA),LTDA.",15084,2015-08-31 0:00,1,0,0,0,2015-09-14 10:13,4
4358,1,13,CA-2047,Bank Account Fees August 2015.,15085,2015-08-31 0:00,1,0,0,0,2015-09-14 10:16,4
4359,1,15,GR-039,,15086,2015-08-31 0:00,0,1,0,0,2015-09-14 12:36,4
4360,1,16,SA-013,INVOICE PAYMENT K1047 Pacific Client August??2015.,15087,2015-08-14 0:00,1,0,0,0,2015-09-14 10:24,4
4361,1,16,SA-014,"INVOICE PAYMENT K1049, K1052 Pacific Client August??2015.",15088,2015-08-18 0:00,1,0,0,0,2015-09-14 12:09,4
4362,1,15,GR-046,"INT.3671009   SWITECH CONSULTING SERVICES, LLC SEPT??2015",15089,2015-09-28 0:00,1,0,0,0,2015-10-14 16:14,4
4363,1,15,GR-041,"INT.66230009  SWITECH CONSULTING SERVICES, LLC SEPT??2015",15090,2015-09-08 0:00,1,0,0,0,2015-10-14 16:15,4
4364,1,15,GR-044,INT.82040012    HONDA CRV  Insurance SEPT??15.,15091,2015-09-24 0:00,1,0,0,0,2015-10-14 16:36,4
4365,1,15,GR-042,INT.28920008   debit Card Payment  Sept??2015.,15092,2015-09-08 0:00,1,0,0,0,2015-10-14 16:37,4
4366,1,13,CA-2049,Bank Account Fees Sept 2015.,15093,2015-09-30 0:00,1,0,0,0,2015-10-15 10:17,4
4367,1,15,GR-045,ATM Withdrawal     SEPT??2015.,15094,2015-09-26 0:00,1,0,0,0,2015-10-15 10:20,4
4368,1,15,GR-040,Travel Expenses debit Card SEPT??15.,15095,2015-09-05 0:00,1,0,0,0,2015-10-15 10:28,4
4369,1,15,GR-043,Expenses paid through CC 9036  Sept??2015.,15096,2015-09-21 0:00,1,0,0,0,2015-10-15 13:47,4
4370,1,13,CA-2048,"Sales Sept??2015 F-K1053,1054  CLIENT , CUSTOMER ABC (COLOMBIA),LTDA.",15097,2015-09-02 0:00,1,0,0,0,2015-10-15 10:59,4
4371,1,13,CA-2050,Medical Bills    Sept??2015.,15098,2015-09-30 0:00,1,0,0,0,2015-10-15 11:15,4
4372,1,13,CA-2051,Company Expenses paid by Employee  Sept??2015.,15099,2015-09-30 0:00,1,0,0,0,2015-10-15 11:25,4
4373,1,16,SA-016,"INVOICE PAYMENT K1051 CUSTOMER ABC (COLOMBIA),LTDA Sept??2015.",15100,2015-09-18 0:00,1,0,0,0,2015-10-15 13:30,4
4374,1,16,SA-015,INVOICE PAYMENT K1054 Pacific ClientSEPT??2015.,15101,2015-09-11 0:00,1,0,0,0,2015-10-15 13:36,4
4375,1,15,GR-050,"INT.712009  SWITECH CONSULTING SERVICES, LLC October??2015",15102,2015-10-12 0:00,1,0,0,0,2015-11-13 11:53,4
4376,1,15,GR-049,INT.2516011  debit Card Payment 9036 October??2015.,15103,2015-10-09 0:00,1,0,0,0,2015-11-13 11:55,4
4377,1,15,GR-047,INT.2085318009  XXXXXXXXX  October??2015.,15104,2015-10-08 0:00,1,0,0,0,2015-11-13 12:12,4
4378,1,15,GR-052,Expenses paid through CC 9036  Nov.??2015.,15105,2015-11-09 0:00,1,0,0,0,2015-12-16 13:22,4
4379,1,15,GR-048,Travel Expenses debit Card October??15.,15106,2015-10-08 0:00,1,0,0,0,2015-11-13 12:34,4
4380,1,13,CA-2053,"Sales October??2015 F-K1055,1056  CLIENT , CUSTOMER ABC (COLOMBIA),LTDA.",15107,2015-10-05 0:00,1,0,0,0,2015-11-13 12:42,4
4381,1,13,CA-2054,Bank Account Fees October 2015.,15108,2015-10-30 0:00,1,0,0,0,2015-11-13 12:44,4
4382,1,16,SA-017,"INVOICE PAYMENT K1053 CUSTOMER ABC (COLOMBIA),LTDA October??2015.",15109,2015-10-20 0:00,1,0,0,0,2015-11-13 13:59,4
4383,1,15,GR-051,"INT.45996020  EMERICAN INTEGRATION, INC October??2015",15110,2015-10-27 0:00,1,0,0,0,2015-11-13 14:03,4
4384,1,13,CA-2052,Airline Payment October2015.,15111,2015-10-01 0:00,1,0,0,0,2015-11-13 16:39,4
4385,1,15,GR-058,"INT.7942995007  EMERICAN INTEGRATION, INC Nov.??2015",15112,2015-11-27 0:00,1,0,0,0,2015-12-16 11:10,4
4386,1,15,GR-057,"INT.4641846018  EMERICAN INTEGRATION, INC Nov.??2015",15113,2015-11-26 0:00,1,0,0,0,2015-12-16 11:12,4
4387,1,15,GR-055,"INT.4443412007  EMERICAN INTEGRATION, INC Nov.??2015",15114,2015-11-11 0:00,1,0,0,0,2015-12-16 11:13,4
4388,1,15,GR-054,"INT.5351220010  EMERICAN INTEGRATION, INC Nov.??2015",15115,2015-11-10 0:00,1,0,0,0,2015-12-16 11:15,4
4389,1,13,CA-2055,"Sales Nov.??2015 F-K1057,1058  CLIENT , CUSTOMER ABC (COLOMBIA),LTDA.",15116,2015-11-30 0:00,1,0,0,0,2015-12-16 11:17,4
4390,1,15,GR-059,Sapin Trip thruogh CC Nov.??15.,15117,2015-11-30 0:00,1,0,0,0,2015-12-16 12:33,4
4391,1,15,GR-056,ATM Withdrawal   Nov.??2015.,15118,2015-11-19 0:00,1,0,0,0,2015-12-16 12:56,4
4392,1,13,CA-2056,Bank Account Fees Nov. 2015.,15119,2015-11-30 0:00,1,0,0,0,2015-12-16 12:39,4
4393,1,15,GR-053,INT.9873009  debit Card Payment 9036 Nov.??2015.,15120,2015-11-09 0:00,1,0,0,0,2015-12-16 12:41,4
4394,1,13,CA-2057,Company Expenses paid by Employee  Nov.??2015.,15121,2015-11-30 0:00,1,0,0,0,2015-12-16 14:16,4
4395,1,16,SA-018,INVOICE PAYMENT K1056 Pacific ClientNov.??2015.,15122,2015-11-03 0:00,1,0,0,0,2015-12-16 14:07,4
4396,1,16,SA-019,"INVOICE PAYMENT K1055 CUSTOMER ABC (COLOMBIA),LTDA Nov.??2015.",15123,2015-11-18 0:00,1,0,0,0,2015-12-16 14:10,4
4397,1,15,GR-002,INT.14309011  debit Card Payment 9036 December??2015.,15124,2015-12-08 0:00,1,0,0,0,2016-01-13 16:29,4
4398,1,15,GR-001,Spain Travel Expenses pament to Serviced Apartement,15125,2015-12-07 0:00,1,0,0,0,2016-01-13 16:34,4
4399,1,15,GR-004,"INT.7627873567  EMERICAN INTEGRATION, INC December??2015",15126,2015-12-16 0:00,1,0,0,0,2016-01-13 16:38,4
4400,1,15,GR-003,"INT.7514309558  EMERICAN INTEGRATION, INC December??2015",15127,2015-12-08 0:00,1,0,0,0,2016-01-13 16:39,4
4401,1,13,CA-001,SCHOOL OF GRADUATES DIC??2015.,15128,2015-12-30 0:00,1,0,0,0,2016-01-13 16:44,4
4402,1,13,CA-002,"Sales December??2015 F-K1059,1060 Y 1061  CLIENT , CUSTOMER ABC (COLOMBIA),LTDA.",15129,2015-12-31 0:00,1,0,0,0,2016-01-13 17:05,4
4403,1,13,CA-003,Bank Account Fees December 2015.,15130,2015-12-31 0:00,1,0,0,0,2016-01-14 10:07,4
4404,1,15,GR-006,ATM Withdrawal   December??2015.,15131,2015-12-22 0:00,1,0,0,0,2016-01-14 10:11,4
4405,1,15,GR-007,Expenses paid through CC 4884  December??2015.,15132,2015-12-31 0:00,1,0,0,0,2016-01-14 10:32,4
4406,1,16,SA-001,"INVOICE PAYMENT K1057 CUSTOMER ABC (COLOMBIA),LTDA December??2015.",15133,2015-12-14 0:00,1,0,0,0,2016-01-14 13:30,4
4407,1,15,GR-005,Expenses paid through CC 9036 December??2015.,15134,2015-12-21 0:00,1,0,0,0,2016-01-14 12:15,4
4408,1,13,CA-004,Company Expenses paid by Employee December??2015.,15135,2015-12-31 0:00,1,0,0,0,2016-01-14 12:51,4
4409,1,16,SA-002,INVOICE PAYMENT K1058 Y K1060Pacific ClientDecember??2015.,15136,2015-12-22 0:00,1,0,0,0,2016-01-14 12:35,4
4410,1,13,CA-005,Annual Journal Entry  to Close 2015 books,15137,2015-12-31 0:00,1,0,0,1,2016-02-15 11:57,4
4411,1,15,GR-011,"INT.6241532613  EMERICAN INTEGRATION, INC January??2016",15138,2016-01-11 0:00,1,0,0,0,2016-02-16 12:02,4
4412,1,15,GR-012,"INT.9034026908  EMERICAN INTEGRATION, INC January??2016",15139,2016-01-13 0:00,1,0,0,0,2016-02-16 12:03,4
4413,1,15,GR-010,"INT.25220012  debit Card Payment 9036 January??2016.
",15140,2016-01-06 0:00,1,0,0,0,2016-02-16 12:06,4
4414,1,15,GR-014,"INT.996879818  EMERICAN INTEGRATION, INC January??2016",15141,2016-01-27 0:00,1,0,0,0,2016-02-16 12:10,4
4415,1,13,CA-007,"Sales January??2016 F-K1062  CUSTOMER ABC (COLOMBIA),LTDA.",15142,2016-01-25 0:00,1,0,0,0,2016-02-16 12:19,4
4416,1,13,CA-006,Expenses paid through CC 9036 January??2016.,15143,2016-01-20 0:00,1,0,0,0,2016-02-16 12:21,4
4417,1,13,CA-008,Company Expenses paid by Employee January??2016.,15144,2016-01-31 0:00,1,0,0,0,2016-02-16 14:09,4
4418,1,13,CA-009,Bank Account Fees January 2016.,15145,2016-01-31 0:00,1,0,0,0,2016-02-16 12:59,4
4419,1,15,GR-008,ATM Withdrawal   January 2016.,15146,2016-01-01 0:00,1,0,0,0,2016-02-16 13:00,4
4420,1,15,GR-009,Morocco Travel Expenses  January 2016.,15147,2016-01-04 0:00,1,0,0,0,2016-02-16 13:08,4
4421,1,15,GR-013,Expenses paid by employee Jan 2016,15148,2016-01-14 0:00,1,0,0,0,2016-02-16 13:11,4
4422,1,15,GR-018,"INT.23485011  JJ CUSTOMER BUSINESS DEVELOPMENT, INC   February??2016",15149,2016-02-25 0:00,1,0,0,0,2016-03-11 11:00,4
4423,1,15,GR-016,"INT.33132005  debit Card Payment February??2016.
",15150,2016-02-11 0:00,1,0,0,0,2016-03-11 11:05,4
4424,1,15,GR-015,"INT.8972578815  EMERICAN INTEGRATION, INC February??2016",15151,2016-02-10 0:00,1,0,0,0,2016-03-11 11:16,4
4425,1,13,CA-010,"Sales February??2016 F-K1063 Y 1064  CUSTOMER ABC (COLOMBIA),LTDA. Y  CLIENT .",15152,2016-02-03 0:00,1,0,0,0,2016-03-11 11:21,4
4426,1,15,GR-017,ATM Withdrawal to buy foreign currency  February 2016.,15153,2016-02-16 0:00,1,0,0,0,2016-03-11 11:25,4
4427,1,13,CA-011,Bank Account Fees February 2016.,15154,2016-02-28 0:00,1,0,0,0,2016-03-11 11:50,4
4428,1,13,CA-012,Company Expenses paid by EmployeeFebruary??2016.,15155,2016-02-28 0:00,1,0,0,0,2016-03-11 12:02,4
4429,1,16,SA-001,"INVOICE PAYMENT K1063 CUSTOMER ABC (COLOMBIA),LTDA February??2016.",15156,2016-02-03 0:00,1,0,0,0,2016-03-11 15:17,4
4430,1,16,SA-002,"INVOICE PAYMENT K1062 CUSTOMER ABC (COLOMBIA),LTDA February??2016.",15157,2016-02-19 0:00,1,0,0,0,2016-03-11 15:19,4
4431,1,13,CA-013,Manual adjusmtnet of final balance account 205-02-014   Feb 2016,15158,2016-02-28 0:00,1,0,0,0,2016-03-11 15:59,4
4432,1,13,CA-014,Net Income Taxes 2014 Y 2015.,15159,2016-03-01 0:00,1,0,0,0,2016-03-29 14:58,4
4433,1,15,GR-020,"INT.73886010  JJ CUSTOMER BUSINESS DEVELOPMENT, INC   March??2016",15160,2016-03-28 0:00,1,0,0,0,2016-04-14 13:07,4
4434,1,15,GR-019,debit Card Payment March??2016.,15161,2016-03-14 0:00,1,0,0,0,2016-04-14 13:12,4
4435,1,13,CA-015,Bank Account Fees March 2016.,15162,2016-03-31 0:00,1,0,0,0,2016-04-14 13:37,4
4436,1,16,SA-004,INVOICE PAYMENT K1061 Y K1064 Client March2016.,15163,2016-03-22 0:00,1,0,0,0,2016-04-14 16:17,4
4437,1,16,SA-003,"INVOICE PAYMENT K1059 CUSTOMER ABC (COLOMBIA),LTDA March??2016.",15164,2016-03-14 0:00,1,0,0,0,2016-04-14 16:20,4
4438,1,15,GR-021,EXPENSES PAID with debit Card March 2016,15165,2016-03-31 0:00,1,0,0,0,2016-04-14 16:50,4
4439,1,13,CA-016,"Sales March??2016 F-K1065,K 1066 Y K 1067 CUSTOMER ABC (COLOMBIA),LTDA. Y  CLIENT .",15166,2016-03-31 0:00,1,0,0,0,2016-04-14 16:45,4
4440,1,15,GR-024,"INT.90508027  JJ CUSTOMER BUSINESS DEVELOPMENT, INC   April??2016",15167,2016-04-26 0:00,1,0,0,0,2016-05-16 12:49,4
4441,1,15,GR-023,"INT.37055011  JJ CUSTOMER BUSINESS DEVELOPMENT, INC   April??2016",15168,2016-04-12 0:00,1,0,0,0,2016-05-16 12:53,4
4442,1,15,GR-022,debit Card Payment April??2016.,15169,2016-04-11 0:00,1,0,0,0,2016-05-16 14:08,4
4443,1,15,GR-025,Expenses paid with debit Card April 2016.,15170,2016-04-30 0:00,1,0,0,0,2016-05-16 13:22,4
4444,1,13,CA-018,"Sales April??2016 F-K 1068 Y K 1069 CUSTOMER ABC (COLOMBIA),LTDA. Y  CLIENT .",15171,2016-04-30 0:00,1,0,0,0,2016-05-16 13:30,4
4445,1,13,CA-019,Company Expenses paid by EmployeeApril??2016.,15172,2016-04-30 0:00,1,0,0,0,2016-05-16 13:38,4
4446,1,13,CA-017,ATM Withdrawal,15173,2016-04-29 0:00,1,0,0,0,2016-05-16 13:43,4
4447,1,13,CA-020,Bank Account Fees April 2016.,15174,2016-04-30 0:00,1,0,0,0,2016-05-16 13:46,4
4448,1,16,SA-005,"INVOICE PAYMENT K1065 CUSTOMER ABC (COLOMBIA),LTDA April??2016.",15175,2016-04-19 0:00,1,0,0,0,2016-05-16 14:06,4
4449,1,15,GR-027,"INT.45194017 Y 16016011  JJ CUSTOMER BUSINESS DEVELOPMENT, INC  May??2016",15176,2016-05-26 0:00,1,0,0,0,2016-06-15 12:31,4
4450,1,15,GR-026,debit Card Payment  May??2016.,15177,2016-05-11 0:00,1,0,0,0,2016-06-15 12:33,4
4451,1,14,BK-001,CHQ 2086  AAA BBB   MAY 2016.,15178,2016-05-17 0:00,1,0,0,0,2016-06-15 12:35,4
4452,1,14,BK-002,CHQ 2087  AAA BBB MAY 2016.,15179,2016-05-18 0:00,1,0,0,0,2016-06-15 12:36,4
4453,1,13,CA-021,"Sales May??2016 F-K 1070 Y K 1071 CUSTOMER ABC (COLOMBIA),LTDA. Y  CLIENT .",15180,2016-05-31 0:00,1,0,0,0,2016-06-15 12:44,4
4454,1,15,GR-028,Expenses paid with debit Card May 2016.,15181,2016-05-31 0:00,1,0,0,0,2016-06-15 12:47,4
4455,1,13,CA-022,Bank Account Fees May 2016.,15182,2016-05-31 0:00,1,0,0,0,2016-06-15 13:36,4
4456,1,16,SA-006,"INVOICE PAYMENT K1068 CUSTOMER ABC (COLOMBIA),LTDA May??2016.",15183,2016-05-18 0:00,1,0,0,0,2016-06-15 16:03,4
4457,1,15,GR-030,"INT. 4719011   JJ CUSTOMER BUSINESS DEVELOPMENT, INC  June??2016",15184,2016-06-10 0:00,1,0,0,0,2016-07-13 13:23,4
4458,1,15,GR-031,"INT. 98457016   JJ CUSTOMER BUSINESS DEVELOPMENT, INC  June??2016",15185,2016-06-27 0:00,1,0,0,0,2016-07-13 13:25,4
4459,1,15,GR-029,"debit Card Payment June??2016.
",15186,2016-06-08 0:00,1,0,0,0,2016-07-13 13:27,4
4460,1,15,GR-032,Expenses paid with debit Card June 2016.,15187,2016-06-30 0:00,1,0,0,0,2016-07-13 13:34,4
4461,1,13,CA-023,Bank Account Fees June 2016.,15188,2016-06-30 0:00,1,0,0,0,2016-07-13 13:39,4
4462,1,13,CA-024,"Sales June??2016 F-K 1072 Y K 1073 CUSTOMER ABC (COLOMBIA),LTDA. Y  CLIENT .",15189,2016-06-30 0:00,1,0,0,0,2016-07-13 13:45,4
4463,1,16,SA-008,"INVOICE PAYMENT K1070  CUSTOMER ABC (COLOMBIA),LTDA  June??2016.",15190,2016-06-10 0:00,1,0,0,0,2016-07-13 16:22,4
4464,1,16,SA-007,"INVOICE PAYMENT K1067,K1069 Y K1071 Client June2016.",15191,2016-06-02 0:00,1,0,0,0,2016-07-14 11:56,4
4465,1,15,GR-034,"INT. 33337011   JJ CUSTOMER BUSINESS DEVELOPMENT, INC  July??2016",15192,2016-07-12 0:00,1,0,0,0,2016-08-15 13:14,4
4466,1,15,,"INT. 34719010   JJ CUSTOMER BUSINESS DEVELOPMENT, INC  July??2016",15193,2026-07-26 0:00,1,0,0,0,2016-08-15 13:20,4
4467,1,15,GR-033,INT. 71092005  debit card payment July??2016.,15194,2016-07-11 0:00,1,0,0,0,2016-08-15 13:22,4
4468,1,15,GR-036,Expenses paid with debit Card July 2016.,15195,2016-07-31 0:00,1,0,0,0,2016-08-15 13:26,4
4469,1,13,CA-026,Company Expenses paid by EmployeeJuly??2016.,15196,2016-07-31 0:00,1,0,0,0,2016-08-15 16:26,4
4470,1,13,CA-025,"Sales July??2016 F-K 1074 Y K 1075 CUSTOMER ABC (COLOMBIA),LTDA. Y  CLIENT .",15197,2016-07-05 0:00,1,0,0,0,2016-08-15 14:01,4
4471,1,13,CA-027,Bank Account Fees July 2016.,15198,2016-07-31 0:00,1,0,0,0,2016-08-15 15:44,4
4472,1,16,SA-009,"INVOICE PAYMENT K1072  CUSTOMER ABC (COLOMBIA),LTDA  July??2016.",15199,2016-07-19 0:00,1,0,0,0,2016-08-15 16:16,4
4473,1,15,GR-035,"INT. 34719010   JJ CUSTOMER BUSINESS DEVELOPMENT, INC  July??2016",15200,2016-07-26 0:00,1,0,0,0,2016-08-15 16:25,4
4474,1,15,GR-037,"INT. 88739009   JJ CUSTOMER BUSINESS DEVELOPMENT, INC  August??2016",15201,2016-08-10 0:00,1,0,0,0,2016-09-13 13:47,4
4475,1,15,GR-040,"INT. 2879016   JJ CUSTOMER BUSINESS DEVELOPMENT, INC  August??2016",15202,2016-08-26 0:00,1,0,0,0,2016-09-13 13:49,4
4476,1,15,GR-038,INT. 73002005  debit Card payment August??2016.,15203,2016-08-11 0:00,1,0,0,0,2016-09-13 13:52,4
4477,1,13,CA-029,"Sales August??2016 F-K 1076 Y K 1077 CUSTOMER ABC (COLOMBIA),LTDA. Y  CLIENT .",15204,2016-08-31 0:00,1,0,0,0,2016-09-13 14:10,4
4478,1,15,GR-041,Expenses paid with credit Card August 2016.,15205,2016-08-27 0:00,1,0,0,0,2016-09-14 11:52,4
4479,1,13,CA-030,Bank Account Fees August 2016.,15206,2016-08-31 0:00,1,0,0,0,2016-09-13 16:16,4
4480,1,16,SA-011,"INVOICE PAYMENT K1074, 1076  CUSTOMER ABC (COLOMBIA),LTDA  August??2016.",15207,2016-08-22 0:00,1,0,0,0,2016-09-14 11:37,4
4481,1,16,SA-010,INVOICE PAYMENT K1073 CLIENT August2016.,15208,2016-08-15 0:00,1,0,0,0,2016-09-14 11:39,4
4482,1,15,GR-039,Expenses paid with debit Card August 2016.,15209,2016-08-24 0:00,1,0,0,0,2016-09-14 11:45,4
4483,1,13,CA-031,Company Expenses paid by Employee August??2016.,15210,2016-08-31 0:00,1,0,0,0,2016-09-14 11:49,4
4484,1,13,CA-028,Reclass in Receivables/Deudors August2016.,15211,2016-08-01 0:00,1,0,0,0,2016-09-14 12:07,4
4485,1,15,GR-043,"INT. 67248010   JJ CUSTOMER BUSINESS DEVELOPMENT, INC Sept??2016",15212,2016-09-12 0:00,1,0,0,0,2016-10-12 11:40,4
4486,1,15,GR-046,"INT. 93661020   JJ CUSTOMER BUSINESS DEVELOPMENT, INC Sept??2016",15213,2016-09-27 0:00,1,0,0,0,2016-10-12 11:42,4
4487,1,15,GR-047,"INT.39305019   HERMER, Inc Sept2016.",15214,2016-09-28 0:00,1,0,0,0,2016-10-12 11:52,4
4488,1,15,GR-042,"INT. 80448008  debit Card Payment Sept??2016.
",15215,2016-09-09 0:00,1,0,0,0,2016-10-12 11:54,4
4489,1,15,GR-044,INT.88997009  XXX I EEEEE S.   Sept2016.,15216,2016-09-19 0:00,1,0,0,0,2016-10-12 11:57,4
4490,1,15,GR-045,Expenses paid with debit Card Sept 2016.,15217,2016-09-26 0:00,1,0,0,0,2016-10-12 12:02,4
4491,1,13,CA-034,Company Expenses paid by Employee Sept??2016.,15218,2016-09-30 0:00,1,0,0,0,2016-10-12 12:42,4
4492,1,13,CA-035,"Sales Sept??2016 F-K 1078 Y K 1079 CUSTOMER ABC (COLOMBIA),LTDA. Y  CLIENT .",15219,2016-09-30 0:00,1,0,0,0,2016-10-12 12:45,4
4493,1,15,GR-048,Expenses paid with credit Card Sept 2016.,15220,2016-09-30 0:00,1,0,0,0,2016-10-12 16:33,4
4494,1,13,CA-032,Petty Cash Replenishment  Sept 2016.,15221,2016-09-29 0:00,1,0,0,0,2016-10-12 13:05,4
4495,1,13,CA-033,Company Expenses paid by Employee Sept  2016.,15222,2016-09-29 0:00,1,0,0,0,2016-10-12 13:21,4
4496,1,13,CA-036,Bank Account Fees Sept 2016.,15223,2016-09-30 0:00,1,0,0,0,2016-10-12 13:23,4
4497,1,16,SA-012,"INVOICE PAYMENT K1078  CUSTOMER ABC (COLOMBIA),LTDA Sept2016.
",15224,2016-09-19 0:00,1,0,0,0,2016-10-12 16:23,4
4498,1,15,GR-052,"INT. 79287014   JJ CUSTOMER BUSINESS DEVELOPMENT, INC October??2016",15225,2016-10-26 0:00,1,0,0,0,2016-11-16 12:26,4
4499,1,15,GR-050,"INT. 43499011   JJ CUSTOMER BUSINESS DEVELOPMENT, INC October??2016",15226,2016-10-11 0:00,1,0,0,0,2016-11-16 12:28,4
4500,1,15,GR-049,debit Card PAyment October??2016.,15227,2016-10-10 0:00,1,0,0,0,2016-11-16 12:30,4
4501,1,14,BK-001,CHQ2088  AAA BBB  October 2016.,15228,2016-10-21 0:00,1,0,0,0,2016-11-16 14:18,4
4502,1,13,CA-037,"Sales October??2016 F-K 1080 Y K 1081 CUSTOMER ABC (COLOMBIA),LTDA. Y  CLIENT .",15229,2016-10-04 0:00,1,0,0,0,2016-11-16 12:46,4
4503,1,15,GR-051,Expenses paid with debit Card October 2016.,15230,2016-10-18 0:00,1,0,0,0,2016-11-16 12:49,4
4504,1,13,CA-038,Company Expenses paid by EmployeeOctober??2016.,15231,2016-10-31 0:00,0,1,0,0,2017-02-10 13:09,4
4505,1,13,CA-039,Bank Account Fees October 2016.,15232,2016-10-31 0:00,1,0,0,0,2016-11-16 13:03,4
4506,1,16,SA-014,"INVOICE PAYMENT K1080 CUSTOMER ABC (COLOMBIA),LTDA October2016.
",15233,2016-10-13 0:00,1,0,0,0,2016-11-16 14:03,4
4507,1,16,SA-013,INVOICE PAYMENT K1077 CLIENT October2016.,15234,2016-10-07 0:00,1,0,0,0,2016-11-16 14:05,4
4508,1,16,SA-015,Re-issuing check Mr. J  October2016.,15235,2016-10-31 0:00,1,0,0,0,2016-11-16 14:19,4
4509,1,15,GR-056,"INT. 23163013  JJ CUSTOMER BUSINESS DEVELOPMENT, INC Nov.??2016",15236,2016-11-28 0:00,1,0,0,0,2016-12-14 15:58,4
4510,1,15,GR-053,"INT. 26871013  JJ CUSTOMER BUSINESS DEVELOPMENT, INC Nov.??2016",15237,2016-11-10 0:00,1,0,0,0,2016-12-14 15:59,4
4511,1,15,GR-054,"debit Card Payment Nov.??2016.
",15238,2016-11-10 0:00,1,0,0,0,2016-12-14 16:01,4
4512,1,13,CA-041,"Sales Nov.??2016 F-K 1082 Y K 1083 CUSTOMER ABC (COLOMBIA),LTDA. Y  CLIENT .",15239,2016-11-30 0:00,1,0,0,0,2016-12-14 16:29,4
4513,1,15,GR-057,Expenses paid with debit Card Nov. 2016.,15240,2016-11-30 0:00,1,0,0,0,2016-12-14 16:43,4
4514,1,13,CA-042,Bank Account Fees Nov. 2016.,15241,2016-11-30 0:00,1,0,0,0,2016-12-14 16:52,4
4515,1,16,SA-016,INVOICE PAYMENT K1075 CLIENT Nov.2016.,15242,2016-11-22 0:00,1,0,0,0,2016-12-15 12:04,4
4516,1,15,GR-055,Expenses paid with credit Card Nov. 2016.,15243,2016-11-22 0:00,1,0,0,0,2016-12-15 12:09,4
4517,1,13,CA-040,Invoice K1079 payment from Pacific U client Nov 2016,15244,2016-11-01 0:00,1,0,0,0,2016-12-15 12:28,4
4518,1,15,GR-058,"debit Card Payment December??2016.
",15245,2016-12-13 0:00,1,0,0,0,2017-01-16 12:26,4
4519,1,15,GR-059,Loan Payment 2016.,15246,2016-12-21 0:00,1,0,0,0,2017-01-16 12:36,4
4520,1,13,CA-044,Company Expenses paid by EmployeeDecember??2016.,15247,2016-12-31 0:00,1,0,0,0,2017-01-16 12:38,4
4521,1,13,CA-043,Bank Account Fees December 2016.,15248,2016-12-29 0:00,1,0,0,0,2017-01-16 12:42,4
4522,1,15,GR-060,Expenses paid with debit Card December 2016.,15249,2016-12-31 0:00,1,0,0,0,2017-01-16 15:45,4
4523,1,16,SA-017,INVOICE PAYMENT K1081 CLIENT December2016.,15250,2016-12-15 0:00,1,0,0,0,2017-01-16 15:48,4
4524,1,16,SA-018,"INVOICE PAYMENT K1082 Y 1084 CUSTOMER ABC (COLOMBIA),LTDA December2016.
",15251,2016-12-29 0:00,1,0,0,0,2017-01-16 15:55,4
4525,1,13,CA-045,"Sales  DEDecember??2016 F-K 1084 Y K1085 CUSTOMER ABC (COLOMBIA),LTDA. Y  CLIENT .",15252,2016-12-31 0:00,1,0,0,0,2017-01-16 16:29,4
4526,1,13,CA-046,SCHOOL OF GRADUATES   December2016.,15253,2016-12-31 0:00,1,0,0,0,2017-01-16 17:15,4
4527,1,13,CA-047,Annual Journal Entry  to Close 2016 books,15254,2016-12-31 0:00,1,0,0,1,2017-02-10 13:12,4
4528,1,15,GR-061,"INT. 22336009  JJ CUSTOMER BUSINESS DEVELOPMENT, INC January??2017",15255,2017-01-10 0:00,1,0,0,0,2017-02-15 11:45,4
4529,1,15,GR-064,"INT. 54531009  JJ CUSTOMER BUSINESS DEVELOPMENT, INC January??2017",15256,2017-01-26 0:00,1,0,0,0,2017-02-15 11:47,4
4530,1,15,GR-062,"INT.22336009 debit Card Payment January??2017.
",15257,2017-01-10 0:00,1,0,0,0,2017-02-15 11:49,4
4531,1,13,CA-049,"Sales  January??2017 F-K 1086, K1087, K 1088 Y K 1089  CLIENT , XXX I EEEEE, INTERNATIONAL TRAVEL NET SACV.",15258,2017-01-30 0:00,1,0,0,0,2017-02-15 16:25,4
4532,1,15,GR-063,Expenses paid with debit Card January 2017.,15259,2017-01-10 0:00,1,0,0,0,2017-02-15 12:29,4
4533,1,15,GR-065,Expenses paid with credit Card January 2017.,15260,2017-01-27 0:00,1,0,0,0,2017-02-15 12:34,4
4534,1,13,CA-048,Bank Account Fees January 2017.,15261,2017-01-05 0:00,1,0,0,0,2017-02-15 12:35,4
4535,1,13,CA-050,Company Expenses paid by EmployeeJanuary??2017.,15262,2017-01-31 0:00,1,0,0,0,2017-02-15 15:50,4
4536,1,15,GR-067,"INT. 50317017  JJ CUSTOMER BUSINESS DEVELOPMENT, INC February??2017",15263,2017-02-13 0:00,1,0,0,0,2017-03-13 10:34,4
4537,1,15,GR-070,Expenses paid with debit Card February 2017.,15264,2017-02-28 0:00,1,0,0,0,2017-03-13 10:39,4
4538,1,15,GR-069,INT.42891003  Travel Expenses February 2017.,15265,2017-02-14 0:00,1,0,0,0,2017-03-13 10:43,4
4539,1,15,GR-068,INT.50317008  debit Card Payment February??2017.,15266,2017-02-13 0:00,1,0,0,0,2017-03-13 10:44,4
4540,1,13,CA-053,"Sales  February??2017 F-K 1090, K1091, K 1092 Customer,Customer, PACIFIC U, INC.",15267,2017-02-28 0:00,1,0,0,0,2017-03-13 11:07,4
4541,1,13,CA-052,Expenses paid by employee February??2017.,15268,2017-02-16 0:00,1,0,0,0,2017-03-13 11:11,4
4542,1,15,GR-066,Petty Cash Replenishment February 2017.,15269,2017-02-04 0:00,1,0,0,0,2017-03-13 11:24,4
4543,1,13,CA-051,Bank Account Fees February 2017.,15270,2017-02-14 0:00,1,0,0,0,2017-03-13 11:25,4
4544,1,16,SA-001,Invoice Payment K086 Y K1087INTERNATIONAL TRAVEL NET SAFebruary??17,15271,2017-02-15 0:00,1,0,0,0,2017-03-13 11:36,4
4545,1,16,SA-002,Invoice Payment K089 XXX I EEEEE February??17,15272,2017-02-17 0:00,1,0,0,0,2017-03-13 11:49,4
4546,1,15,GR-074,INT.1276245114   mySuit SERVICES   March 2017.,15273,2017-03-13 0:00,1,0,0,0,2017-04-12 11:57,4
4547,1,15,GR-076,"INT. 13580013  JJ CUSTOMER BUSINESS DEVELOPMENT, INC March??2017",15274,2017-03-28 0:00,1,0,0,0,2017-04-12 11:59,4
4548,1,15,GR-077,INT.7430010   XXX I EEEEE  March??2017.,15275,2017-03-29 0:00,1,0,0,0,2017-04-12 12:02,4
4549,1,15,GR-072,"INT. 15842009  JJ CUSTOMER BUSINESS DEVELOPMENT, INC March??2017",15276,2017-03-10 0:00,1,0,0,0,2017-04-12 12:03,4
4550,1,15,GR-073,"INT.15842016  debit Card Payment March??2017.
",15277,2017-03-10 0:00,1,0,0,0,2017-04-12 12:05,4
4551,1,15,GR-075,INT.2630017  Employee  March??2017.,15278,2017-03-13 0:00,1,0,0,0,2017-04-12 12:06,4
4552,1,13,CA-055,"Sales  March??2017 F-K 1093, K1094, K 1095 Customer,PACIFIC U, INC. March??2017.",15279,2017-03-31 0:00,1,0,0,0,2017-04-12 12:12,4
4553,1,13,CA-056,Expenses paid by employee March??2017.,15280,2017-03-31 0:00,1,0,0,0,2017-04-12 12:18,4
4554,1,15,GR-071,Expenses paid with debit Card March 2017.,15281,2017-03-08 0:00,1,0,0,0,2017-04-12 12:19,4
4555,1,13,CA-054,Bank Account Fees March 2017.,15282,2017-03-30 0:00,1,0,0,0,2017-04-12 12:26,4
4556,1,16,SA-004,INVOICE PAYMENT K1083 Y K1085 CLIENT March2017.,15283,2017-03-16 0:00,1,0,0,0,2017-04-12 14:20,4
4557,1,16,SA-003,"INVOICE PAYMENT K1090 Y 1091 CUSTOMER ABC (COLOMBIA),LTDA March??17.",15284,2017-03-07 0:00,1,0,0,0,2017-04-12 14:23,4
4558,1,15,GR-079,"INT. 0098507010   JJ CUSTOMER BUSINESS DEVELOPMENT, INC April??2017",15285,2017-04-10 0:00,1,0,0,0,2017-05-12 13:03,4
4559,1,15,GR-081,INT.0296010   Empoloyee April??2017.,15286,2017-04-20 0:00,1,0,0,0,2017-05-12 13:06,4
4560,1,15,GR-080,INT.68598009  debit Card Payment April??2017.,15287,2017-04-11 0:00,1,0,0,0,2017-05-12 13:07,4
4561,1,14,BK-001,CHQ.2089   AAA BBB Apr??2017.,15288,2017-04-03 0:00,1,0,0,0,2017-05-12 13:09,4
4562,1,15,GR-082,"INT. 73135010  JJ CUSTOMER BUSINESS DEVELOPMENT, INC April??2017",15289,2017-04-25 0:00,1,0,0,0,2017-05-12 13:11,4
4563,1,13,CA-059,"Sales  April??2017 F-K 1096, K 1097 Customer,PACIFIC U, INC. April??2017.",15290,2017-04-30 0:00,1,0,0,0,2017-05-12 13:20,4
4564,1,15,GR-078,Expenses paid with debit Card April 2017.,15291,2017-04-07 0:00,1,0,0,0,2017-05-12 13:22,4
4565,1,13,CA-060,Bank Account Fees April 2017.,15292,2017-04-30 0:00,1,0,0,0,2017-05-12 13:48,4
4566,1,16,SA-006,"INVOICE PAYMENT K1092,1095 Y A/C 1097  CLIENT April2017.",15293,2017-04-28 0:00,1,0,0,0,2017-05-16 12:16,4
4567,1,16,SA-005,"INVOICE PAYMENT K1096 CUSTOMER ABC (COLOMBIA),LTDA April??17.",15294,2017-04-19 0:00,1,0,0,0,2017-05-16 11:25,4
4568,1,13,CA-057,Reclass Invoice payment from 1083 & 1085 INTO 1088  March2017.,15295,2017-04-01 0:00,1,0,0,0,2017-05-16 10:54,4
4569,1,13,CA-061,"Reclass PI15163,15191,15207,15234,15251, Chile client",15296,2017-04-30 0:00,0,1,0,0,2018-02-08 13:33,4
4570,1,13,CA-062,"Reclass 15163,15191,15207,15234,15251, Chile Client",15297,2017-04-30 0:00,0,1,0,0,2018-02-08 13:34,4
4571,1,13,CA-063,Adjustment for invoice difference on retained tax Pacific U client 2015,15298,2017-04-30 0:00,0,1,0,0,2018-02-08 13:34,4
4572,1,13,CA-064,"Cancelling journal entries 15136,15122,15101,15088,15039",15299,2017-04-30 0:00,0,1,0,0,2018-02-08 13:35,4
4573,1,13,CA-058,Adjustment for invoice difference on retained tax Pacific U client,15300,2017-04-01 0:00,1,0,0,0,2017-05-19 16:24,4
4574,1,15,GR-087,"INT. 17561011  JJ CUSTOMER BUSINESS DEVELOPMENT, INC May??2017",15301,2017-05-29 0:00,1,0,0,0,2017-06-15 13:00,4
4575,1,15,GR-083,"INT. 8540010    JJ CUSTOMER BUSINESS DEVELOPMENT, INC May??2017",15302,2017-05-11 0:00,1,0,0,0,2017-06-15 13:01,4
4576,1,15,GR-085,INT.6030105513   XXX I EEEEE  May??2017.,15303,2017-05-22 0:00,1,0,0,0,2017-06-15 13:04,4
4577,1,15,GR-084,"INT.0055130009  debit Card Payment  May??2017.
",15304,2017-05-11 0:00,1,0,0,0,2017-06-15 13:10,4
4578,1,15,GR-086,INT.6357439910   XXX I EEEEE  May??2017.,15305,2017-05-24 0:00,1,0,0,0,2017-06-15 13:16,4
4579,1,13,CA-065,"Sales  May??2017 F-K 1098, K 1099 Customer,PACIFIC U, INC. May??2017.",15306,2017-05-31 0:00,1,0,0,0,2017-06-15 13:45,4
4580,1,16,SA-007,"INVOICE PAYMENT K1098 CUSTOMER ABC (COLOMBIA),LTDA  May??17.",15307,2017-05-16 0:00,1,0,0,0,2017-06-15 15:56,4
4581,1,13,CA-066,Bank Account Fees May 2017.,15308,2017-05-31 0:00,1,0,0,0,2017-06-15 16:11,4
4582,1,15,GR-088,Expenses paid with debit Card May 2017.,15309,2017-05-31 0:00,1,0,0,0,2017-06-15 16:49,4
4583,1,15,GR-092,"INT. 24014016    JJ CUSTOMER BUSINESS DEVELOPMENT, INC June??2017",15310,2017-06-27 0:00,1,0,0,0,2017-07-12 13:40,4
4584,1,15,GR-091,INT.51597009   XXX I EEEEE June??2017.,15311,2017-06-26 0:00,1,0,0,0,2017-07-12 15:51,4
4585,1,15,GR-090,"INT.23872013  debit Card Payment  June??2017.
",15312,2017-06-12 0:00,1,0,0,0,2017-07-12 15:53,4
4586,1,13,CA-070,Expenses paid by employee June??2017.,15313,2017-06-30 0:00,1,0,0,0,2017-07-12 15:59,4
4587,1,13,CA-067,"Sales  June??2017 F-K 1100, K 1101 Customer,PACIFIC U, INC. June??2017.",15314,2017-06-01 0:00,1,0,0,0,2017-07-12 16:13,4
4588,1,15,GR-093,Expenses paid with debit Card June 2017.,15315,2017-06-30 0:00,1,0,0,0,2017-07-12 16:24,4
4589,1,15,GR-089,INT.2402276930   mySuite Services June 2017.,15316,2017-06-01 0:00,1,0,0,0,2017-07-12 16:32,4
4590,1,13,CA-071,Bank Account Fees June 2017.,15317,2017-06-30 0:00,1,0,0,0,2017-07-12 16:36,4
4591,1,16,SA-009,INVOICE PAYMENT K1099 Y K1101  CLIENT June2017.,15318,2017-06-21 0:00,1,0,0,0,2017-07-13 11:03,4
4592,1,16,SA-008,"INVOICE PAYMENT K1100 CUSTOMER ABC (COLOMBIA),LTDA  June??17.",15319,2017-06-15 0:00,1,0,0,0,2017-07-13 11:32,4
4593,1,13,CA-068,"Reclass Balance retained PACIFIC U, INC  June2017.",15320,2017-06-01 0:00,1,0,0,0,2017-07-13 11:44,4
4594,1,13,CA-069,Reclass 208-01 June2017.,15321,2017-06-01 0:00,1,0,0,0,2017-07-13 11:48,4
4595,1,13,CA-074,Bank Account Fees July 2017.,15322,2017-07-31 0:00,1,0,0,0,2017-08-16 13:21,4
4596,1,15,GR-095,Expenses paid with debit Card July 2017.,15323,2017-07-10 0:00,1,0,0,0,2017-08-16 13:22,4
4597,1,15,GR-096,"INT.0069255009  debit Card Payment  July??2017.
",15324,2017-07-10 0:00,1,0,0,0,2017-08-16 13:24,4
4598,1,15,GR-094,INT.0087263011   Cali U July 2017.,15325,2017-07-07 0:00,1,0,0,0,2017-08-16 13:30,4
4599,1,15,GR-098,INT.0002302011   Employee July??2017.,15326,2017-07-20 0:00,1,0,0,0,2017-08-16 13:31,4
4600,1,15,GR-099,"INT. 8065007    JJ CUSTOMER BUSINESS DEVELOPMENT, INC July??2017",15327,2017-07-25 0:00,1,0,0,0,2017-08-16 13:33,4
4601,1,15,GR-097,"INT. 13090015    JJ CUSTOMER BUSINESS DEVELOPMENT, INC July??2017",15328,2017-07-13 0:00,1,0,0,0,2017-08-16 13:35,4
4602,1,13,CA-073,Company Expenses paid by Employee July  2017.,15329,2017-07-07 0:00,1,0,0,0,2017-08-16 13:40,4
4603,1,13,CA-072,"Sales  July??2017 F-K 1102, K 1103 Customer,PACIFIC U, INC.",15330,2017-07-03 0:00,1,0,0,0,2017-08-16 13:51,4
4604,1,16,SA-010,"INVOICE PAYMENT K1102 CUSTOMER ABC (COLOMBIA),LTDA  July??17.",15331,2017-07-14 0:00,1,0,0,0,2017-08-16 16:10,4
4605,1,15,GR-102,"INT. 0074414008    JJ CUSTOMER BUSINESS DEVELOPMENT, INC August??2017",15332,2017-08-28 0:00,1,0,0,0,2017-09-14 16:40,4
4606,1,15,GR-103,INT.0013845016   Employee August??2017.,15333,2017-08-29 0:00,1,0,0,0,2017-09-14 16:41,4
4607,1,15,GR-100,"INT.00617000006  debit Card Payment  August??2017.
",15334,2017-08-11 0:00,1,0,0,0,2017-09-14 16:44,4
4608,1,15,GR-101,Expenses paid with debit Card August 2017.,15335,2017-08-11 0:00,1,0,0,0,2017-09-14 16:46,4
4609,1,13,CA-077,Expenses paid by employeeAugust??2017.,15336,2017-08-31 0:00,1,0,0,0,2017-09-14 16:49,4
4610,1,13,CA-076,Bank Account Fees August 2017.,15337,2017-08-29 0:00,1,0,0,0,2017-09-14 17:00,4
4611,1,13,CA-075,"Sales  August??2017 F-K 1104, K 1105 Customer,PACIFIC U, INC.",15338,2017-08-04 0:00,1,0,0,0,2017-09-14 17:15,4
4612,1,16,SA-012,INVOICE PAYMENT K1103 Y K1105  CLIENT August2017.,15339,2017-08-29 0:00,1,0,0,0,2017-09-15 12:25,4
4613,1,16,SA-011,"INVOICE PAYMENT K1102 CUSTOMER ABC (COLOMBIA),LTDA  August??17.",15340,2017-08-15 0:00,1,0,0,0,2017-09-15 12:29,4
4614,1,15,GR-110,Expenses paid with debit Card Sept 2017.,15341,2017-09-30 0:00,1,0,0,0,2017-10-13 15:45,4
4615,1,13,CA-081,Expenses paid by employeeSept??2017.,15342,2017-09-30 0:00,1,0,0,0,2017-10-13 15:47,4
4616,1,15,GR-106,"INT.0049827009  debit Card Payment  Sept??2017.
",15343,2017-09-11 0:00,1,0,0,0,2017-10-13 15:50,4
4617,1,15,GR-107,"INT. 0070676016    JJ CUSTOMER BUSINESS DEVELOPMENT, INC Sept??2017.",15344,2017-09-12 0:00,1,0,0,0,2017-10-13 15:52,4
4618,1,15,GR-109,"INT. 0023299008    JJ CUSTOMER BUSINESS DEVELOPMENT, INC Sept??2017.",15345,2017-09-27 0:00,1,0,0,0,2017-10-13 15:54,4
4619,1,13,CA-078,"Sales  Sept??2017 F-K 1106, K 1107 Customer,PACIFIC U, INC.",15346,2017-09-04 0:00,1,0,0,0,2017-10-13 16:02,4
4620,1,13,CA-079,Hedge Fund SAB  Sept  2017.,15347,2017-09-25 0:00,1,0,0,0,2017-10-13 16:07,4
4621,1,13,CA-080,Cali u  Sept2017.,15348,2017-09-26 0:00,1,0,0,0,2017-10-13 16:26,4
4622,1,13,CA-082,Bank Account Fees Sept 2017.,15349,2017-09-30 0:00,1,0,0,0,2017-10-13 16:28,4
4623,1,15,GR-104,California U Payment,15350,2017-09-06 0:00,1,0,0,0,2017-10-13 16:56,4
4624,1,15,GR-105,California U Payment,15351,2017-09-06 0:00,1,0,0,0,2017-10-13 16:56,4
4625,1,15,GR-108,California U Payment,15352,2017-09-19 0:00,1,0,0,0,2017-10-13 16:57,4
4626,1,16,SA-013,"INVOICE PAYMENT K1107 CUSTOMER ABC (COLOMBIA),LTDA  Sept??17.",15353,2017-09-15 0:00,1,0,0,0,2017-10-16 10:52,4
4627,1,15,GR-113,"INT. 0019851015    JJ CUSTOMER BUSINESS DEVELOPMENT, INC October??2017.",15354,2017-10-11 0:00,1,0,0,0,2017-11-15 14:02,4
4628,1,15,GR-111,"INT.0064589011   HERMER, Inc.October2017.",15355,2017-10-06 0:00,1,0,0,0,2017-11-15 14:06,4
4629,1,15,GR-115,INT.0087129011   Employee October??2017.,15356,2017-10-25 0:00,1,0,0,0,2017-11-15 14:09,4
4630,1,15,GR-114,INT.0090341013  Employee  October??2017.,15357,2017-10-18 0:00,1,0,0,0,2017-11-15 14:10,4
4631,1,15,GR-112,"INT.003376010  debit Card Payment  October??2017.
",15358,2017-10-10 0:00,1,0,0,0,2017-11-15 14:11,4
4632,1,13,CA-083,Expenses paid by employeeOctober??2017.,15359,2017-10-31 0:00,1,0,0,0,2017-11-15 16:21,4
4633,1,13,CA-084,"Sales  October??2017 F-K 1108, K 1109 Customer,PACIFIC U, INC.",15360,2017-10-31 0:00,1,0,0,0,2017-11-15 16:37,4
4634,1,14,BK-001,CHQ.2090 School Oct  2017.,15361,2017-10-13 0:00,1,0,0,0,2017-11-16 12:10,4
4635,1,15,GR-116,Expenses paid with debit Card October 2017.,15362,2017-10-31 0:00,1,0,0,0,2017-11-15 16:51,4
4636,1,13,CA-085,Bank Account Fees October 2017.,15363,2017-10-31 0:00,1,0,0,0,2017-11-15 16:59,4
4637,1,16,SA-014,Loan to October 2017.,15364,2017-10-10 0:00,1,0,0,0,2017-11-15 17:06,4
4638,1,16,SA-015,"INVOICE PAYMENT K1108 CUSTOMER ABC (COLOMBIA),LTDA  October??17.",15365,2017-10-17 0:00,1,0,0,0,2017-11-16 11:29,4
4639,1,15,GR-121,"INT. 0076462010    JJ CUSTOMER BUSINESS DEVELOPMENT, INC Nov.??2017.",15366,2017-11-28 0:00,1,0,0,0,2017-12-15 12:14,4
4640,1,15,GR-118,"INT. 0018767007    JJ CUSTOMER BUSINESS DEVELOPMENT, INC Nov.??2017.",15367,2017-11-13 0:00,1,0,0,0,2017-12-15 12:17,4
4641,1,13,CA-086,"Sales  Nov.??2017 F-K 1110, K 1111 Customer,PACIFIC U, INC.",15368,2017-11-30 0:00,1,0,0,0,2017-12-15 13:05,4
4642,1,15,GR-120,CHQ.2092  School Nov 2017.,15369,2017-11-27 0:00,1,0,0,0,2017-12-18 10:08,4
4643,1,15,GR-119,CHQ.2091  School Nov 2017.,15370,2017-11-16 0:00,1,0,0,0,2017-12-18 10:09,4
4644,1,15,GR-117,"INT.001868010  debit Card Payment  Nov.??2017.
",15371,2017-11-10 0:00,1,0,0,0,2017-12-15 13:32,4
4645,1,15,GR-122,Expenses paid with debit Card Nov. 2017.,15372,2017-11-30 0:00,1,0,0,0,2017-12-15 13:36,4
4646,1,13,CA-087,Bank Account Fees Nov. 2017.,15373,2017-11-30 0:00,1,0,0,0,2017-12-15 13:40,4
4647,1,16,SA-017,"INVOICE PAYMENT K1106,K1109 Y K1111  CLIENT Nov.2017.",15374,2017-11-28 0:00,1,0,0,0,2017-12-18 11:30,4
4648,1,16,SA-016,"INVOICE PAYMENT K1110 CUSTOMER ABC (COLOMBIA),LTDA  Nov.??17.",15375,2017-11-24 0:00,1,0,0,0,2017-12-15 17:05,4
4649,1,15,GR-126,"INT. 0077907007   JJ CUSTOMER BUSINESS DEVELOPMENT, INC December??2017.",15376,2017-12-21 0:00,1,0,0,0,2018-01-18 11:51,4
4650,1,15,GR-124,"INT. 0076891007 JJ CUSTOMER BUSINESS DEVELOPMENT, INC December??2017.",15377,2017-12-12 0:00,1,0,0,0,2018-01-18 11:53,4
4651,1,15,GR-123,"INT.0049913012  debit Card Payment  December??2017.
",15378,2017-12-11 0:00,1,0,0,0,2018-01-18 11:55,4
4652,1,15,GR-127,Expenses paid with debit Card December 2017.,15379,2017-12-31 0:00,1,0,0,0,2018-01-18 12:33,4
4653,1,13,CA-089,Expenses paid by employeeDecember??2017.,15380,2017-12-31 0:00,1,0,0,0,2018-01-18 12:34,4
4654,1,13,CA-090,Bank Account Fees December 2017.,15381,2017-12-31 0:00,1,0,0,0,2018-01-18 12:44,4
4655,1,15,GR-125,ATM Withdrawal  December2017.,15382,2017-12-17 0:00,1,0,0,0,2018-01-18 12:47,4
4656,1,13,CA-088,"Sales  December??2017 F-K 1112, K 1113 K1114 Customer,PACIFIC U, INC.",15383,2017-12-01 0:00,1,0,0,0,2018-01-18 12:56,4
4657,1,16,SA-018,"INVOICE PAYMENT K1112 CUSTOMER ABC (COLOMBIA),LTDA  December??17.",15384,2017-12-20 0:00,1,0,0,0,2018-01-18 13:35,4
4658,1,13,CA-091,Annual Journal Entry  to Close 2017 books,15385,2017-12-31 0:00,1,0,0,1,2018-02-08 13:44,4
4659,1,15,GR-129,"INT. 0062077007 JJ CUSTOMER BUSINESS DEVELOPMENT, INC January??2018.",15386,2018-01-26 0:00,1,0,0,0,2018-02-14 11:57,4
4660,1,15,GR-128,"INT.0039645008  debit Card Payment 9036  January??2018.
",15387,2018-01-16 0:00,1,0,0,0,2018-02-14 13:09,4
4661,1,16,SA-019,Loan to January2018.,15388,2018-01-16 0:00,1,0,0,0,2018-02-14 12:01,4
4662,1,15,GR-130,CHQ.2093  School Jan 2018.,15389,2018-01-30 0:00,1,0,0,0,2018-02-14 12:05,4
4663,1,15,GR-131,Expenses paid with debit Card January 2018.,15390,2018-01-31 0:00,1,0,0,0,2018-02-14 12:25,4
4664,1,13,CA-092,Expenses paid by employeeJanuary??2018.,15391,2018-01-31 0:00,1,0,0,0,2018-02-14 12:29,4
4665,1,13,CA-093,Bank Account Fees January 2018.,15392,2018-01-31 0:00,1,0,0,0,2018-02-14 12:33,4
4666,1,16,SA-020,"INVOICE PAYMENT K1113,K1114   CLIENT January2018.",15393,2018-01-25 0:00,1,0,0,0,2018-02-14 13:03,4
4667,1,15,GR-133,"INT.0069252008  debit Card Payment 9036  FEBERO??2018.
",15394,2018-02-15 0:00,1,0,0,0,2018-03-14 11:53,4
4668,1,15,GR-132,INT.0050031008   ODOO February 2018.,15395,2018-02-08 0:00,1,0,0,0,2018-03-14 12:24,4
4669,1,16,SA-021,Loan to.  February2018.,15396,2018-02-12 0:00,1,0,0,0,2018-03-14 12:27,4
4670,1,13,CA-096,Bank Account Fees February 2018.,15397,2018-02-28 0:00,1,0,0,0,2018-03-14 12:30,4
4671,1,15,GR-134,Expenses paid with debit Card February 2018.,15398,2018-02-28 0:00,1,0,0,0,2018-03-14 13:15,4
4672,1,13,CA-094,Cali U -  4092   February2018.,15399,2018-02-14 0:00,1,0,0,0,2018-03-14 12:42,4
4673,1,13,CA-095,Local Travel February 2018.,15400,2018-02-16 0:00,1,0,0,0,2018-03-14 13:26,4
4674,1,15,GR-136,"INT. 6647077223 JJ CUSTOMER BUSINESS DEVELOPMENT, INC March??2018.",15401,2018-03-23 0:00,1,0,0,0,2018-04-16 10:07,4
4675,1,15,GR-138,"INT. 2453984911 JJ CUSTOMER BUSINESS DEVELOPMENT, INC March??2018.",15402,2018-03-26 0:00,1,0,0,0,2018-04-16 10:09,4
4676,1,15,GR-135,"INT.0002338009  debit Card Payment 9036  March??2018.
",15403,2018-03-12 0:00,1,0,0,0,2018-04-16 10:10,4
4677,1,15,GR-137,INT.0050782007   Employee March2018.,15404,2018-03-23 0:00,1,0,0,0,2018-04-16 10:30,4
4678,1,16,SA-022,Loan to  March2018.,15405,2018-03-12 0:00,1,0,0,0,2018-04-16 10:32,4
4679,1,13,CA-098,Bank Account Fees March 2018.,15406,2018-03-31 0:00,1,0,0,0,2018-04-16 10:36,4
4680,1,15,GR-139,Expenses paid with debit Card March 2018.,15407,2018-03-31 0:00,0,1,0,0,2019-02-11 13:29,4
4681,1,13,CA-097,"Sales  March??2018 F-K 1115, K 1116 K1117 Customer,PACIFIC U, INC.",15408,2018-03-07 0:00,1,0,0,0,2018-04-16 16:38,4
4682,1,16,SA-023,"INVOICE PAYMENT K1116 Y K 1117 CUSTOMER ABC (COLOMBIA),LTDA  March2018.",15409,2018-03-21 0:00,1,0,0,0,2018-04-16 16:42,4
4683,1,15,GR-140,"INT.0047439009  debit Card Payment 9036  April??2018.
",15410,2018-04-10 0:00,1,0,0,0,2018-05-16 15:49,4
4684,1,15,GR-142,INT.0022225009   Employee April2018.,15411,2018-04-24 0:00,1,0,0,0,2018-05-16 16:42,4
4685,1,14,BK-001,"CHQ 2094   AE, Inc  Apr 2018.",15412,2018-04-24 0:00,1,0,0,0,2018-05-16 16:52,4
4686,1,15,GR-143,"INT. 8747372118  JJ CUSTOMER BUSINESS DEVELOPMENT, INC April??2018.",15413,2018-04-24 0:00,1,0,0,0,2018-05-16 16:53,4
4687,1,15,GR-141,"INT. 2324743922 JJ CUSTOMER BUSINESS DEVELOPMENT, INC April??2018.",15414,2018-04-10 0:00,1,0,0,0,2018-05-17 10:02,4
4688,1,15,GR-144,Expenses paid with debit Card April 2018.,15415,2018-04-30 0:00,1,0,0,0,2018-05-17 10:04,4
4689,1,13,CA-100,"Sales  April??2018 F-K 1118, K 1119 Customer,PACIFIC U, INC.",15416,2018-04-04 0:00,1,0,0,0,2018-05-17 10:18,4
4690,1,13,CA-101,Bank Account Fees April 2018.,15417,2018-04-30 0:00,1,0,0,0,2018-05-17 10:21,4
4691,1,16,SA-024,INVOICE PAYMENT K1115   CLIENT April2018.,15418,2018-04-17 0:00,1,0,0,0,2018-05-17 11:01,4
4692,1,13,CA-099,Reclass Journal Entry March I-023 Invoice  K1116,15419,2018-04-01 0:00,1,0,0,0,2018-05-17 12:14,4
4693,1,15,GR-147,"INT. 7700907210  JJ CUSTOMER BUSINESS DEVELOPMENT, INC May??2018.",15420,2018-05-24 0:00,1,0,0,0,2018-06-15 10:14,4
4694,1,15,GR-146,"INT. 9645710513  JJ CUSTOMER BUSINESS DEVELOPMENT, INC May??2018.",15421,2018-05-23 0:00,1,0,0,0,2018-06-15 10:15,4
4695,1,15,GR-145,"INT.0050599009  debit Card Payment 9036  May??2018.
",15422,2018-05-09 0:00,1,0,0,0,2018-06-15 10:17,4
4696,1,13,CA-103,Bank Account Fees May 2018.,15423,2018-05-31 0:00,1,0,0,0,2018-06-15 10:19,4
4697,1,15,GR-148,Expenses paid with debit Card May 2018.,15424,2018-05-31 0:00,1,0,0,0,2018-06-15 10:41,4
4698,1,13,CA-102,"Sales  May??2018 F-K 1120, K 1121 Y K1122 CANCELADA, PACIFIC U, INC, Customer.",15425,2018-05-03 0:00,1,0,0,0,2018-06-15 10:52,4
4699,1,16,SA-025,"INVOICE PAYMENT K1118 CUSTOMER ABC (COLOMBIA),LTDA  May2018.",15426,2018-05-18 0:00,1,0,0,0,2018-06-15 11:22,4
4700,1,15,GR-004,"INT. 1284654614  JJ CUSTOMER BUSINESS DEVELOPMENT, INC June??2018.",15427,2018-06-26 0:00,1,0,0,0,2018-07-13 13:33,4
4701,1,15,GR-002,"INT.0009572009  debit Card Payment 9036  June??2018.
",15428,2018-06-07 0:00,1,0,0,0,2018-07-13 13:35,4
4702,1,14,BK-001,CHQ 2095   Loan to AAA BBB June 2018.,15429,2018-06-19 0:00,1,0,0,0,2018-07-13 13:41,4
4703,1,16,SA-001,Loan to June2018.,15430,2018-06-13 0:00,1,0,0,0,2018-07-13 13:43,4
4704,1,15,GR-006,"INT. 9465299213  JJ CUSTOMER BUSINESS DEVELOPMENT, INC June??2018.",15431,2018-06-27 0:00,1,0,0,0,2018-07-16 12:05,4
4705,1,15,GR-003,"INT. 7366826610  JJ CUSTOMER BUSINESS DEVELOPMENT, INC June??2018.",15432,2018-06-13 0:00,1,0,0,0,2018-07-13 16:23,4
4706,1,13,CA-001,"Sales  June??2018 F-K 1123, K 1124 PACIFIC U, INC, Customer.",15433,2018-06-04 0:00,1,0,0,0,2018-07-13 16:47,4
4707,1,16,SA-003,"INVOICE PAYMENT K1122 CUSTOMER ABC (COLOMBIA),LTDA  June2018.",15434,2018-06-25 0:00,1,0,0,0,2018-07-13 17:05,4
4708,1,16,SA-002,INVOICE PAYMENT K1121 Y K 1123   CLIENT June2018.,15435,2018-06-18 0:00,1,0,0,0,2018-07-16 10:42,4
4709,1,15,GR-005,Expenses paid with debit Card June 2018.,15436,2018-06-26 0:00,1,0,0,0,2018-07-16 10:49,4
4710,1,13,CA-002,Bank Account Fees June 2018.,15437,2018-06-30 0:00,1,0,0,0,2018-07-16 10:56,4
4711,1,15,GR-001,Expenses paid with debit Card MZO June 2018.,15438,2018-06-01 0:00,1,0,0,0,2018-07-16 12:27,4
4712,1,15,GR-009,"INT. 1235021123  JJ CUSTOMER BUSINESS DEVELOPMENT, INC July??2018.",15439,2018-07-26 0:00,1,0,0,0,2018-08-15 16:05,4
4713,1,15,GR-007,"INT.0087749009  debit Card Payment 9036  July??2018.
",15440,2018-07-09 0:00,1,0,0,0,2018-08-15 16:08,4
4714,1,15,GR-008,"INT. 4097632309  JJ CUSTOMER BUSINESS DEVELOPMENT, INC July??2018.",15441,2018-07-12 0:00,1,0,0,0,2018-08-15 16:10,4
4715,1,15,GR-010,Expenses paid with debit Card July 2018.,15442,2018-07-31 0:00,1,0,0,0,2018-08-16 10:37,4
4716,1,13,CA-004,Company Expenses paid by EmployeeJuly 2018.,15443,2018-07-18 0:00,1,0,0,0,2018-08-16 11:01,4
4717,1,13,CA-005,Bank Account Fees July 2018.,15444,2018-07-31 0:00,1,0,0,0,2018-08-16 11:03,4
4718,1,16,SA-004,INVOICE PAYMENT K1119 Y K 1125   CLIENT July2018.,15445,2018-07-17 0:00,1,0,0,0,2018-08-16 13:05,4
4719,1,13,CA-003,"Sales  July??2018 F-K 1125, K 1126 PACIFIC U, INC, Customer.",15446,2018-07-02 0:00,1,0,0,0,2018-08-16 13:28,4
4720,1,15,GR-011,"INT.0081557010  debit Card Payment 9036  August??2018.
",15447,2018-08-07 0:00,1,0,0,0,2018-09-14 17:17,4
4721,1,15,GR-013,"INT. 8559109041  JJ CUSTOMER BUSINESS DEVELOPMENT, INC August??2018.",15448,2018-08-10 0:00,1,0,0,0,2018-09-14 17:19,4
4722,1,15,GR-016,"INT. 9116704513  JJ CUSTOMER BUSINESS DEVELOPMENT, INC August??2018.",15449,2018-08-24 0:00,1,0,0,0,2018-09-14 17:20,4
4723,1,15,GR-014,INT.6710389216    GEA RROOYYO   August2018.,15450,2018-08-20 0:00,1,0,0,0,2018-09-14 17:22,4
4724,1,13,CA-006,"Sales  August??2018 F-K 1127, K 1128 PACIFIC U, INC, Customer.",15451,2018-08-01 0:00,1,0,0,0,2018-09-17 11:14,4
4725,1,15,GR-012,Expenses paid with debit Card August 2018.,15452,2018-08-09 0:00,1,0,0,0,2018-09-17 11:22,4
4726,1,15,GR-015,INT.8502107115  Cali U August2018.,15453,2018-08-21 0:00,1,0,0,0,2018-09-17 11:26,4
4727,1,13,CA-007,Bank Account Fees August 2018.,15454,2018-08-29 0:00,1,0,0,0,2018-09-17 11:30,4
4728,1,16,SA-005,"INVOICE PAYMENT K1124 Y K1126  CUSTOMER ABC (COLOMBIA),LTDA  August2018.",15455,2018-08-01 0:00,1,0,0,0,2018-09-17 12:31,4
4729,1,16,SA-006,INVOICE PAYMENT K1127   CLIENT August2018.,15456,2018-08-29 0:00,1,0,0,0,2018-09-17 12:34,4
4730,1,15,GR-019,INT.0084684008    Employee Sept2018,15457,2018-09-26 0:00,1,0,0,0,2018-10-15 16:24,4
4731,1,15,GR-020,"INT. 08010521209  JJ CUSTOMER BUSINESS DEVELOPMENT, INC Sept??2018.",15458,2018-09-26 0:00,1,0,0,0,2018-10-15 16:26,4
4732,1,15,GR-017,"INT.0070369020  debit Card Payment 9036  Sept??2018.
",15459,2018-09-11 0:00,1,0,0,0,2018-10-15 16:29,4
4733,1,15,GR-018,"INT. 1157036912  JJ CUSTOMER BUSINESS DEVELOPMENT, INC Sept??2018.",15460,2018-09-11 0:00,1,0,0,0,2018-10-15 16:30,4
4734,1,13,CA-009,Bank Account Fees Sept 2018.,15461,2018-09-30 0:00,1,0,0,0,2018-10-15 16:40,4
4735,1,15,GR-021,Expenses paid with debit Card Sept 2018.,15462,2018-09-30 0:00,1,0,0,0,2018-10-15 16:47,4
4736,1,13,CA-008,"Sales  Sept??2018 F-K 1129, K 1130 PACIFIC U, INC, Customer.",15463,2018-09-03 0:00,1,0,0,0,2018-10-16 11:22,4
4737,1,13,CA-010,Bank Account Fees Sept 2018.,15464,2018-09-30 0:00,0,1,0,0,2018-10-17 12:53,4
4738,1,16,SA-007,"INVOICE PAYMENT K1128 Y K1129  CUSTOMER ABC (COLOMBIA),LTDA  Sept2018.",15465,2018-09-12 0:00,1,0,0,0,2018-10-16 13:03,4
4739,1,15,GR-026,"INT. 6437123808  JJ CUSTOMER BUSINESS DEVELOPMENT, INC October??2018.",15466,2018-10-29 0:00,1,0,0,0,2018-11-15 10:44,4
4740,1,14,BK-001,CHQ2096  SUPPLIER PAYMENT October 2018.,15467,2018-10-11 0:00,1,0,0,0,2018-11-15 10:51,4
4741,1,15,GR-023,"INT. 6096879508  JJ CUSTOMER BUSINESS DEVELOPMENT, INC October  2018",15468,2018-10-09 0:00,1,0,0,0,2018-11-15 10:58,4
4742,1,15,GR-022,"INT.0046914010  debit Card Payment 9036  October??2018.
",15469,2018-10-08 0:00,1,0,0,0,2018-11-15 11:00,4
4743,1,16,SA-008,Loan to  October2018.,15470,2018-10-11 0:00,1,0,0,0,2018-11-15 11:02,4
4744,1,15,GR-024,Loan Payment TPW  October2018.,15471,2018-10-22 0:00,1,0,0,0,2018-11-15 11:03,4
4745,1,15,GR-025,Loan Payment A GEA RROOYYO  October2018.,15472,2018-10-22 0:00,1,0,0,0,2018-11-15 11:06,4
4746,1,16,SA-009,Loan to Rooyyoo  October2018.,15473,2018-10-11 0:00,1,0,0,0,2018-11-15 11:25,4
4747,1,13,CA-012,Bank Account Fees October 2018.,15474,2018-10-31 0:00,1,0,0,0,2018-11-15 11:26,4
4748,1,13,CA-011,"Sales  October??2018 F-K 1131, K 1132 PACIFIC U, INC, Customer.",15475,2018-10-01 0:00,1,0,0,0,2018-11-15 11:32,4
4749,1,16,SA-010,INVOICE PAYMENT K1130 Y K1131   CLIENT October2018.,15476,2018-10-19 0:00,1,0,0,0,2018-11-15 12:05,4
4750,1,15,GR-028,"INT. 1473757112  JJ CUSTOMER BUSINESS DEVELOPMENT, INC Nov.  2018",15477,2018-11-27 0:00,1,0,0,0,2018-12-14 11:53,4
4751,1,16,SA-011,Nov.2018.,15478,2018-11-15 0:00,1,0,0,0,2018-12-17 16:43,4
4752,1,15,GR-027,"INT.0023407012  debit Card Payment 9036  Nov.??2018.
",15479,2018-11-08 0:00,1,0,0,0,2018-12-14 12:07,4
4753,1,15,GR-029,Expenses paid with debit Card Nov. 2018.,15480,2018-11-30 0:00,1,0,0,0,2018-12-14 12:59,4
4754,1,13,CA-013,"Sales  Nov.??2018 F-K 1133,K1134,K1135 PACIFIC U, INC, Customer,TREE INJECTION SOLUTIONS LLC",15481,2018-11-05 0:00,1,0,0,0,2018-12-17 13:44,4
4755,1,13,CA-014,Local Travel  Nov. 2018.,15482,2018-11-27 0:00,1,0,0,0,2018-12-17 16:47,4
4756,1,13,CA-015,Bank Account Fees Nov. 2018.,15483,2018-11-28 0:00,1,0,0,0,2018-12-17 13:53,4
4757,1,16,SA-012,"INVOICE PAYMENT K1138 Y K1133  CUSTOMER ABC (COLOMBIA),LTDA  Nov.2018.",15484,2018-11-26 0:00,1,0,0,0,2018-12-17 16:37,4
4758,1,15,GR-033,"INT. 9374789310  JJ CUSTOMER BUSINESS DEVELOPMENT, INC December 2018",15485,2018-12-13 0:00,1,0,0,0,2019-01-17 10:36,4
4759,1,15,GR-030,"INT. 3790476518  JJ CUSTOMER BUSINESS DEVELOPMENT, INC December  2018",15486,2018-12-10 0:00,1,0,0,0,2019-01-17 10:38,4
4760,1,15,GR-034,"INT. 1572347614  JJ CUSTOMER BUSINESS DEVELOPMENT, INC December  2018",15487,2018-12-18 0:00,1,0,0,0,2019-01-17 10:39,4
4761,1,15,GR-035,"INT. 9456673310  JJ CUSTOMER BUSINESS DEVELOPMENT, INC December 2018",15488,2018-12-21 0:00,1,0,0,0,2019-01-17 10:42,4
4762,1,15,GR-032,"INT. 7168395308  JJ CUSTOMER BUSINESS DEVELOPMENT, INC December  2018",15489,2018-12-11 0:00,1,0,0,0,2019-01-17 10:44,4
4763,1,15,GR-031,"INT.009835010  debit Card Payment 9036  December??2018.
",15490,2018-12-10 0:00,1,0,0,0,2019-01-17 10:46,4
4764,1,15,GR-036,Expenses paid with debit Card Nov. 2018.,15491,2018-12-26 0:00,1,0,0,0,2019-01-17 11:24,4
4765,1,13,CA-017,Web server Payment December2018.,15492,2018-12-10 0:00,1,0,0,0,2019-01-17 11:35,4
4766,1,13,CA-016,"Sales  December??2018 F-K 1136,K1137,K1138 PACIFIC U, INC, Customer",15493,2018-12-04 0:00,1,0,0,0,2019-01-17 12:22,4
4767,1,13,CA-019,Bank Account Fees December 2018.,15494,2018-12-21 0:00,1,0,0,0,2019-01-17 12:24,4
4768,1,16,SA-013,"INVOICE PAYMENT K1138 CUSTOMER ABC (COLOMBIA),LTDA  December2018.",15495,2018-12-18 0:00,1,0,0,0,2019-01-17 12:40,4
4769,1,13,CA-018,SCHOOL OF GRADUATES   December2018.,15496,2018-12-10 0:00,1,0,0,0,2019-01-17 13:29,4
4773,1,13,CA-003,Annual Journal Entry  to Close 2019 books,15497,2019-02-11 0:00,0,1,0,1,2019-05-20 13:50,4
4774,1,13,CIERRE2018,Annual Journal Entry  to Close 2018 books,15498,2018-12-31 0:00,1,0,0,1,2019-02-15 10:14,4
4775,1,15,GR-038,"INT. 0482192630  JJ CUSTOMER BUSINESS DEVELOPMENT, INC January 2019",15499,2019-01-25 0:00,1,0,0,0,2019-02-15 10:56,4
4776,1,15,GR-039,"INT. 0822897211  JJ CUSTOMER BUSINESS DEVELOPMENT, INC January 2019",15500,2019-01-28 0:00,1,0,0,0,2019-02-15 11:48,4
4777,1,15,GR-037,"INT.0049594009  debit Card Payment 9036  January??2019.
",15501,2019-01-10 0:00,1,0,0,0,2019-02-15 12:00,4
4778,1,16,SA-014,Loan to January 2019,15502,2019-01-10 0:00,1,0,0,0,2019-02-15 12:05,4
4779,1,13,CA-001,General expenses through debit card Jan 2019,15503,2019-01-15 0:00,1,0,0,0,2019-02-15 16:50,4
4780,1,13,CA-002,Bank Account Fees January 2019.,15504,2019-01-31 0:00,1,0,0,0,2019-02-15 12:16,4
4781,1,16,SA-015,"INVOICE PAYMENT K1134, K 1136 Y K1137   CLIENT January2019",15505,2019-01-15 0:00,1,0,0,0,2019-02-15 16:22,4
4782,1,15,GR-040,"INT. 9211499523  JJ CUSTOMER BUSINESS DEVELOPMENT, INC February 2019",15506,2019-02-11 0:00,1,0,0,0,2019-03-13 12:09,4
4783,1,15,GR-041,"INT.0014995014  debit Card Payment 9036  February??2019.
",15507,2019-02-11 0:00,1,0,0,0,2019-03-13 12:11,4
4784,1,14,BK-001,CHQ.2097 School Feb 2019.,15508,2019-02-11 0:00,1,0,0,0,2019-03-13 12:20,4
4785,1,13,CA-004,Bank Account Fees February 2019.,15509,2019-02-28 0:00,1,0,0,0,2019-03-13 13:08,4
4786,1,13,CA-005,General expenses through debit card Feb 2019,15510,2019-02-28 0:00,1,0,0,0,2019-03-13 12:46,4
4787,1,15,GR-046,"INT. 8058781810  JJ CUSTOMER BUSINESS DEVELOPMENT, INC March 2019",15511,2019-03-28 0:00,1,0,0,0,2019-05-20 12:51,4
4788,1,15,GR-044,"INT. 2527664212  JJ CUSTOMER BUSINESS DEVELOPMENT, INC March 2019",15512,2019-03-26 0:00,1,0,0,0,2019-05-20 12:53,4
4789,1,15,GR-045,"INT. 6390551815  JJ CUSTOMER BUSINESS DEVELOPMENT, INC March 2019",15513,2019-03-27 0:00,1,0,0,0,2019-05-20 12:54,4
4790,1,15,GR-043,"INT. 1036550418  JJ CUSTOMER BUSINESS DEVELOPMENT, INC March 2019",15514,2019-03-25 0:00,1,0,0,0,2019-05-20 12:55,4
4791,1,15,GR-042,"INT.0069269011  debit Card Payment 9036  March??2019.
",15515,2019-03-11 0:00,1,0,0,0,2019-05-20 12:56,4
4792,1,14,BK-002,CHQ.2098 Computers purchase Mar 2019.,15516,2019-03-26 0:00,1,0,0,0,2019-05-20 12:59,4
4793,1,13,CA-006,"Sales March 2019 F-K 1139, 1140,1141,1142,1143PACIFIC U, INC Y CUSTOMER ABC (COLOMBIA)",15517,2019-03-11 0:00,1,0,0,0,2019-05-20 13:04,4
4794,1,16,SA-001,"INVOICE PAYMENT K 1141, K 1142, K 1143Customer March2019.",15518,2019-03-21 0:00,1,0,0,0,2019-05-20 13:09,4
4795,1,13,CA-007,Bank Account Fees March 2019.,15519,2019-03-31 0:00,1,0,0,0,2019-05-20 13:13,4
4796,1,13,CA-008,General expenses March 2019. debit card,15520,2019-03-31 0:00,1,0,0,0,2019-05-20 13:29,4
4797,1,14,BK-003,CHQ 2049  XXX YYY ZZZ SC  APR 2019.,15521,2019-04-12 0:00,1,0,0,0,2019-05-20 14:44,4
4798,1,14,BK-005,CHQ 2101  XXX YYY ZZZ Apr 2019.,15522,2019-04-30 0:00,1,0,0,0,2019-05-20 14:47,4
4799,1,15,GR-047,INT.0034951023 Employee April 2019.,15523,2019-04-01 0:00,1,0,0,0,2019-05-20 14:49,4
4800,1,15,GR-052,"INT. 1702807119  JJ CUSTOMER BUSINESS DEVELOPMENT, INC April 2019",15524,2019-04-25 0:00,1,0,0,0,2019-05-20 14:51,4
4801,1,15,GR-050,"INT. 0902317610  JJ CUSTOMER BUSINESS DEVELOPMENT, INC April 2019",15525,2019-04-12 0:00,1,0,0,0,2019-05-20 14:52,4
4802,1,15,GR-048,"INT. 8529924419  JJ CUSTOMER BUSINESS DEVELOPMENT, INC April 2019",15526,2019-04-11 0:00,1,0,0,0,2019-05-20 14:53,4
4803,1,14,BK-004,CHQ 2100 VOIDED   Apr 2019,15527,2019-04-12 0:00,1,0,0,0,2019-05-20 14:53,4
4804,1,13,CA-009,"Sales April2019 F/K1144, K 1145 PACIFIC U, INC Y CUSTOMER ABC (COLOMBIA)",15528,2019-04-01 0:00,1,0,0,0,2019-05-20 14:56,4
4805,1,16,SA-002,"Invoice Payment K 1139, K 1140PACIFIC U, INCApril2019.",15529,2019-04-11 0:00,1,0,0,0,2019-05-20 14:59,4
4806,1,16,SA-003,INVOICE PAYMENT K1145Customer April2019,15530,2019-04-25 0:00,1,0,0,0,2019-05-20 15:02,4
4807,1,13,CA-010,Bank Account Fees April 2019.,15531,2019-04-29 0:00,1,0,0,0,2019-05-20 15:06,4
4808,1,15,GR-051,Petty Cash Replenishment (in foreign currency) April 2019.,15532,2019-04-19 0:00,1,0,0,0,2019-05-20 15:08,4
4809,1,15,GR-049,Payment to debit Card  April 2019.,15533,2019-04-11 0:00,1,0,0,0,2019-05-20 15:09,4
4810,1,13,CA-011,General expenses paid through debit card April 2019.,15534,2019-04-30 0:00,1,0,0,0,2019-05-20 15:21,4
4811,1,15,GR-053,"INT.0054222011  debit Card Payment 9036  May??2019.
",15535,2019-05-09 0:00,1,0,0,0,2019-06-18 11:35,4
4812,1,15,GR-054,"INT. 0555422224  JJ CUSTOMER BUSINESS DEVELOPMENT, INC May 2019",15536,2019-05-09 0:00,1,0,0,0,2019-06-18 11:37,4
4813,1,15,GR-056,"INT. 7339442311  JJ CUSTOMER BUSINESS DEVELOPMENT, INC May 2019",15537,2019-05-28 0:00,1,0,0,0,2019-06-18 11:44,4
4814,1,15,GR-055,"INT. 2174387422  JJ CUSTOMER BUSINESS DEVELOPMENT, INC May 2019",15538,2019-05-27 0:00,1,0,0,0,2019-06-18 11:45,4
4815,1,13,CA-016,General expenses paid through debit card May 2019.,15539,2019-05-31 0:00,1,0,0,0,2019-06-18 11:50,4
4816,1,13,CA-014,Expenses paid by employeeMay??2019.,15540,2019-05-18 0:00,1,0,0,0,2019-06-18 11:53,4
4817,1,13,CA-015,Bank Account Fees May 2019.,15541,2019-05-28 0:00,1,0,0,0,2019-06-18 11:56,4
4818,1,16,SA-004,INVOICE PAYMENT K1146Customer  May2019,15542,2019-05-24 0:00,1,0,0,0,2019-06-18 12:47,4
4819,1,13,CA-012,Adjustment on bank account unaccounted differences May 2019,15543,2019-05-01 0:00,1,0,0,0,2019-06-18 12:55,4
4820,1,13,CA-013,"Sales May2019 F/K1146, K 1147 PACIFIC U, INC Y CUSTOMER ABC (COLOMBIA)",15544,2019-05-03 0:00,1,0,0,0,2019-06-18 13:26,4
4821,1,15,GR-057,"INT.0085026011  debit Card Payment 9036  June??2019.
",15545,2019-06-11 0:00,1,0,0,0,2019-07-16 13:12,4
4822,1,15,GR-058,"INT. 9858502618  JJ CUSTOMER BUSINESS DEVELOPMENT, INC  June 2019",15546,2019-06-11 0:00,1,0,0,0,2019-07-16 13:15,4
4823,1,15,GR-059,"INT. 9512852611  JJ CUSTOMER BUSINESS DEVELOPMENT, INC  June 2019",15547,2019-06-12 0:00,1,0,0,0,2019-07-16 13:35,4
4824,1,13,CA-018,General expenses paid through debit card June 2019.,15548,2019-06-05 0:00,1,0,0,0,2019-07-16 13:49,4
4825,1,13,CA-019,Bank Account Fees June 2019.,15549,2019-06-30 0:00,1,0,0,0,2019-07-16 13:53,4
4826,1,13,CA-017,"Sales June2019 F/K1148, K 1149 PACIFIC U, INC Y CUSTOMER ABC (COLOMBIA)",15550,2019-06-03 0:00,1,0,0,0,2019-07-16 13:56,4
4827,1,16,SA-005,"Invoice Payment K 1144, K 1147PACIFIC U, INCJune2019.",15551,2019-06-06 0:00,1,0,0,0,2019-07-17 11:02,4
4828,1,15,GR-061,"INT. 7590917317  JJ CUSTOMER BUSINESS DEVELOPMENT, INC  July 2019",15552,2019-07-25 0:00,1,0,0,0,2019-08-16 12:36,4
4829,1,15,GR-062,"INT. 2934145109  JJ CUSTOMER BUSINESS DEVELOPMENT, INC  July 2019",15553,2019-07-26 0:00,1,0,0,0,2019-08-16 12:36,4
4830,1,15,GR-060,"INT.0077838013  debit Card Payment 9036  July??2019.
",15554,2019-07-11 0:00,1,0,0,0,2019-08-16 10:15,4
4831,1,13,CA-022,Bank Account Fees July 2019.,15555,2019-07-31 0:00,1,0,0,0,2019-08-16 10:19,4
4832,1,16,SA-006,INVOICE PAYMENT K1148 Y K1150Customer  July2019,15556,2019-07-22 0:00,1,0,0,0,2019-08-16 12:08,4
4833,1,16,SA-007,"INVOICE PAYMENT K1149, K 1151   CLIENT July2019",15557,2019-07-30 0:00,1,0,0,0,2019-08-16 12:21,4
4834,1,13,CA-023,General expenses paid through debit card July 2019.,15558,2019-07-31 0:00,1,0,0,0,2019-08-16 12:54,4
4835,1,13,CA-021,Payment  MYSUITE July 2019.,15559,2019-07-04 0:00,1,0,0,0,2019-08-16 13:03,4
4836,1,13,CA-020,"Sales July2019 F/K1150, K 1151 PACIFIC U, INC Y CUSTOMER ABC (COLOMBIA)",15560,2019-07-02 0:00,1,0,0,0,2019-08-16 13:07,4
4837,1,15,GR-065,"INT. 8382753908  JJ CUSTOMER BUSINESS DEVELOPMENT, INC  August 2019",15561,2019-08-27 0:00,1,0,0,0,2019-09-13 16:44,3
4838,1,15,GR-064,"INT. 3213311508  JJ CUSTOMER BUSINESS DEVELOPMENT, INC  August 2019",15562,2019-08-12 0:00,1,0,0,0,2019-09-13 16:46,3
4839,1,15,GR-063,"INT.0028926014  debit Card Payment 9036  August??2019.
",15563,2019-08-06 0:00,1,0,0,0,2019-09-13 16:47,3
4840,1,13,CA-025,General expenses paid through debit card August 2019.,15564,2019-08-31 0:00,1,0,0,0,2019-09-13 16:58,3
4841,1,13,CA-026,Bank Account Fees August 2019.,15565,2019-08-31 0:00,1,0,0,0,2019-09-13 17:00,3
4842,1,13,CA-024,"Sales August2019 F/K1152, K 1153 PACIFIC U, INC Y CUSTOMER ABC (COLOMBIA)",15566,2019-08-06 0:00,1,0,0,0,2019-09-13 17:09,3
4843,1,16,SA-008,INVOICE PAYMENT K1152Customer  August2019,15567,2019-08-16 0:00,1,0,0,0,2019-09-17 10:46,3
4844,1,13,CA-027,Cancelled,15568,2019-08-31 0:00,1,0,0,0,2019-09-17 11:30,3
4845,1,15,GR-066,"INT.0950674308  JJ CUSTOMER BUSINESS DEVELOPMENT, INC  Sept 2019",15569,2019-09-09 0:00,1,0,0,0,2019-10-18 10:46,4
4846,1,15,GR-068,"INT.3184025111  JJ CUSTOMER BUSINESS DEVELOPMENT, INC  Sept 2019",15570,2019-09-24 0:00,1,0,0,0,2019-10-18 10:48,4
4847,1,13,CA-028,"Sales Sept2019 F/K1154, K 1155 PACIFIC U, INC Y CUSTOMER ABC (COLOMBIA)",15571,2019-09-02 0:00,1,0,0,0,2019-10-18 11:06,4
4848,1,16,SA-009,INVOICE PAYMENT K1155Customer  Sept2019,15572,2019-09-24 0:00,1,0,0,0,2019-10-18 12:32,4
4849,1,15,GR-067,"INT.0069974009  debit Card Payment 9036  Sept??2019.
",15573,2019-09-10 0:00,1,0,0,0,2019-10-18 12:34,4
4850,1,13,CA-029,Bank Account Fees Sept 2019.,15574,2019-09-30 0:00,1,0,0,0,2019-10-18 12:46,4
4851,1,13,CA-030,General expenses paid through debit card Sept 2019.,15575,2019-09-30 0:00,1,0,0,0,2019-10-18 13:24,4
4852,1,15,GR-071,"INT.3718761108  JJ CUSTOMER BUSINESS DEVELOPMENT, INC  October 2019",15576,2019-10-28 0:00,1,0,0,0,2019-11-14 13:01,4
4853,1,15,GR-069,"INT.2033028408  JJ CUSTOMER BUSINESS DEVELOPMENT, INC  October 2019",15577,2019-10-09 0:00,1,0,0,0,2019-11-14 13:11,4
4854,1,15,GR-070,"INT.0088610010  debit Card Payment 9036  October??2019.
",15578,2019-10-10 0:00,1,0,0,0,2019-11-14 13:13,4
4855,1,13,CA-031,General expenses paid through debit card October 2019.,15579,2019-10-31 0:00,1,0,0,0,2019-11-14 13:27,4
4856,1,13,CA-032,Bank Account Fees October 2019.,15580,2019-10-31 0:00,1,0,0,0,2019-11-14 13:33,4
4857,1,13,CA-033,"Sales October2019 F/K1156, K 1157 PACIFIC U, INC Y CUSTOMER ABC (COLOMBIA)",15581,2019-10-31 0:00,1,0,0,0,2019-11-14 14:05,4
4858,1,16,SA-010,INVOICE PAYMENT K1157Customer  October2019,15582,2019-10-23 0:00,1,0,0,0,2019-11-14 15:43,4
4859,1,15,GR-076,"INT.4983712413  JJ CUSTOMER BUSINESS DEVELOPMENT, INC  Nov. 2019",15583,2019-11-26 0:00,1,0,0,0,2019-12-18 10:44,4
4860,1,15,GR-075,"INT.748694319  JJ CUSTOMER BUSINESS DEVELOPMENT, INC  Nov. 2019",15584,2019-11-25 0:00,1,0,0,0,2019-12-18 10:45,4
4861,1,15,GR-072,"INT.0006865009  debit Card Payment 9036 Nov.??2019.
",15585,2019-11-08 0:00,1,0,0,0,2019-12-18 10:47,4
4862,1,15,GR-074,"INT.9717646716  JJ CUSTOMER BUSINESS DEVELOPMENT, INC  Nov. 2019",15586,2019-11-12 0:00,1,0,0,0,2019-12-18 10:53,4
4863,1,15,GR-073,"INT.9952562416  JJ CUSTOMER BUSINESS DEVELOPMENT, INC  Nov. 2019",15587,2019-11-11 0:00,1,0,0,0,2019-12-18 10:54,4
4864,1,13,CA-034,"Sales Nov.2019 F/K1158, K 1159 PACIFIC U, INC Y CUSTOMER ABC (COLOMBIA)",15588,2019-11-30 0:00,1,0,0,0,2019-12-18 13:05,4
4865,1,13,CA-002,Cancelled,15589,2019-12-09 0:00,0,1,0,0,2020-02-14 12:29,4
4866,1,16,SA-011,"INVOICE PAYMENT K1153, 1154 Y 1156   CLIENT Nov.2019",15590,2019-11-12 0:00,1,0,0,0,2019-12-18 14:12,4
4867,1,16,SA-012,INVOICE PAYMENT K1158Customer  Nov.2019,15591,2019-11-20 0:00,1,0,0,0,2019-12-18 14:14,4
4868,1,13,CA-035,Bank Account Fees Nov. 2019.,15592,2019-11-30 0:00,1,0,0,0,2019-12-18 15:55,4
4869,1,13,CA-036,General expenses paid through debit card Nov. 2019.,15593,2019-11-30 0:00,1,0,0,0,2019-12-18 16:26,4
4870,1,15,GR-001,"INT.6608375808  JJ CUSTOMER BUSINESS DEVELOPMENT, INC  December 2019",15594,2019-12-06 0:00,1,0,0,0,2020-01-16 16:23,4
4871,1,15,GR-003,"INT.2202317709  JJ CUSTOMER BUSINESS DEVELOPMENT, INC  December 2019",15595,2019-12-19 0:00,1,0,0,0,2020-01-16 16:25,4
4872,1,15,GR-002,"INT.0018756009  debit Card Payment 9036 December??2019.
",15596,2019-12-09 0:00,1,0,0,0,2020-01-16 16:28,4
4873,1,13,CA-003,SCHOOL OF GRADUATES   December2019.,15597,2019-12-10 0:00,1,0,0,0,2020-01-16 16:31,4
4874,1,13,CA-001,"Sales December2019 F/K1160, K 1161 K1162 PACIFIC U, INC Y CUSTOMER ABC (COLOMBIA)",15598,2019-12-02 0:00,1,0,0,0,2020-01-16 16:35,4
4875,1,13,CA-004,Bank Account Fees December 2019.,15599,2019-12-31 0:00,1,0,0,0,2020-01-16 16:37,4
4876,1,16,SA-001,INVOICE PAYMENT K1159    CLIENT December2019,15600,2019-12-19 0:00,1,0,0,0,2020-01-17 10:38,4
4877,1,13,CA-005,General expenses paid through debit cardcember 2019.,15601,2019-12-31 0:00,1,0,0,0,2020-01-17 10:45,4
4878,1,13,CIERRE2019,Annual Journal Entry  to Close 2020 books,15602,2019-12-31 0:00,1,0,0,0,2020-02-14 12:27,4
4879,1,15,GR-004,"INT.8868311432  JJ CUSTOMER BUSINESS DEVELOPMENT, INC January 2020",15603,2020-01-10 0:00,1,0,0,0,2020-02-14 12:35,4
4880,1,15,GR-005,"INT.00177070010  debit Card Payment 9036 DJanuary??2020.
",15604,2020-01-10 0:00,1,0,0,0,2020-02-14 12:38,4
4881,1,13,CA-002,General expenses paid through debit card January 2020.,15605,2020-01-28 0:00,1,0,0,0,2020-02-14 13:04,4
4882,1,13,CA-003,SPAIN Travel Expenses with credit card Jan 2020.,15606,2020-01-28 0:00,1,0,0,0,2020-02-14 13:41,4
4883,1,15,GR-008,Petty Cash Replenishment January 2020.,15607,2020-01-23 0:00,1,0,0,0,2020-02-14 15:14,4
4884,1,15,GR-006,Petty Cash Replenishment January 2020.,15608,2020-01-20 0:00,1,0,0,0,2020-02-14 15:14,4
4885,1,15,GR-007,Petty Cash Replenishment January 2020.,15609,2020-01-20 0:00,1,0,0,0,2020-02-14 15:15,4
4886,1,15,GR-009,Petty Cash Replenishment January 2020.,15610,2020-01-28 0:00,1,0,0,0,2020-02-14 15:15,4
4887,1,13,CA-001,Spain Travel Expenses January 2020.,15611,2020-01-22 0:00,1,0,0,0,2020-02-14 15:26,4
4888,1,13,CA-004,Bank Account Fees January 2020.,15612,2020-01-31 0:00,1,0,0,0,2020-02-14 15:28,4
4889,1,16,SA-002,INVOICE PAYMENT K1160Customer  January2020,15613,2020-01-23 0:00,1,0,0,0,2020-02-14 15:58,4
4890,1,15,GR-011,"INT.7067796410  JJ CUSTOMER BUSINESS DEVELOPMENT, INC February 2020.",15614,2020-02-25 0:00,1,0,0,0,2020-03-13 13:50,4
4891,1,15,GR-010,"INT.0068695010  debit Card Payment 9036February??2020.
",15615,2020-02-11 0:00,1,0,0,0,2020-03-13 13:53,4
4892,1,13,CA-005,General expenses paid through debit card February 2020.,15616,2020-02-28 0:00,1,0,0,0,2020-03-13 14:23,4
4893,1,13,CA-006,"Sales February2020 F/K1163, K 1164 K1165 PACIFIC U, INC Y CUSTOMER ABC (COLOMBIA)",15617,2020-02-28 0:00,1,0,0,0,2020-03-13 16:03,4
4894,1,14,BK-001,CHQ.2103  MADRID  EXPENSES REPORT Feb 2020.,15618,2020-02-26 0:00,1,0,0,0,2020-03-13 16:15,4
4895,1,13,CA-007,Bank Account Fees February 2020.,15619,2020-02-28 0:00,1,0,0,0,2020-03-13 16:22,4
4896,1,16,SA-003,INVOICE PAYMENT K1161 Y 1162  CLIENT February2020,15620,2020-02-14 0:00,1,0,0,0,2020-03-17 9:59,4
4897,1,15,GR-013,"INT.0037396019  debit Card Payment 9036March??2020.
",15621,2020-03-12 0:00,1,0,0,0,2020-04-15 10:49,4
4898,1,15,GR-014,"INT.8436241414  JJ CUSTOMER BUSINESS DEVELOPMENT, INC March 2020.",15622,2020-03-23 0:00,1,0,0,0,2020-04-15 10:54,4
4899,1,15,GR-012,"INT.7128948509  JJ CUSTOMER BUSINESS DEVELOPMENT, INC March 2020.",15623,2020-03-10 0:00,1,0,0,0,2020-04-15 10:56,4
4900,1,13,CA-009,General expenses paid through debit card March 2020.,15624,2020-03-30 0:00,1,0,0,0,2020-04-15 11:27,4
4901,1,13,CA-008,"Sales March2020 F/K1163, K 1166 K1167 PACIFIC U, INC Y CUSTOMER ABC (COLOMBIA)",15625,2020-03-02 0:00,1,0,0,0,2020-04-15 11:51,4
4902,1,16,SA-004,INVOICE PAYMENT K1163 Y 1167  CLIENT March2020.,15626,2020-03-18 0:00,1,0,0,0,2020-04-15 12:42,4
4903,1,13,CA-010,Bank Account Fees March 2020.,15627,2020-03-31 0:00,1,0,0,0,2020-04-15 12:48,4
4904,1,15,GR-018,"INT.8107688408  JJ CUSTOMER BUSINESS DEVELOPMENT, INC April 2020.",15628,2020-04-27 0:00,1,0,0,0,2020-05-14 17:44,4
4905,1,15,GR-017,"INT.7646846411  JJ CUSTOMER BUSINESS DEVELOPMENT, INC April 2020.",15629,2020-04-24 0:00,1,0,0,0,2020-05-14 17:47,4
4906,1,15,GR-015,"INT.0003465015  debit Card Payment 9036April??2020.
",15630,2020-04-07 0:00,1,0,0,0,2020-05-14 17:48,4
4907,1,15,GR-016,"INT.1963685509  JJ CUSTOMER BUSINESS DEVELOPMENT, INC April 2020.",15631,2020-04-08 0:00,1,0,0,0,2020-05-14 17:52,4
4908,1,13,CA-011,"Sales April2020 F/K1168 K1169 PACIFIC U, INC Y CUSTOMER ABC (COLOMBIA)",15632,2020-04-01 0:00,1,0,0,0,2020-05-14 18:29,4
4909,1,13,CA-012,Bank Account Fees April 2020.,15633,2020-04-30 0:00,1,0,0,0,2020-05-14 18:31,4
4910,1,13,CA-013,General expenses paid through debit card April 2020.,15634,2020-04-30 0:00,1,0,0,0,2021-01-18 14:04,4
4911,1,15,GR-021,INT.0078437012   ZOOM F/INV20212587 May??2020.,15635,2020-05-12 0:00,1,0,0,0,2020-06-15 19:35,4
4912,1,15,GR-019,"INT.0059638009  debit Card Payment 9036May??2020.
",15636,2020-05-11 0:00,1,0,0,0,2020-06-15 19:38,4
4913,1,15,GR-020,INT.9588313908  debit Card Payment 9036May??2020.,15637,2020-05-11 0:00,1,0,0,0,2020-06-15 19:41,4
4914,1,13,CA-015,General expenses paid through debit card May 2020.,15638,2020-05-30 0:00,1,0,0,0,2020-06-16 14:25,4
4915,1,13,CA-014,"Sales May2020 F/K1170 K1171 PACIFIC U, INC Y CUSTOMER ABC (COLOMBIA)",15639,2020-05-01 0:00,1,0,0,0,2020-06-17 15:04,4
4916,1,16,SA-002,"INVOICE PAYMENT K1164,1165,1166,1168,1170Customer  May2020",15640,2020-05-28 0:00,1,0,0,0,2020-06-17 15:23,4
4917,1,16,SA-001,INVOICE PAYMENT K1171  CLIENT May2020.,15641,2020-05-27 0:00,1,0,0,0,2020-06-17 14:47,4
4918,1,13,CA-016,Bank Account Fees May 2020.,15642,2020-05-30 0:00,1,0,0,0,2020-06-17 15:02,4
4919,1,13,CA-017,Reclass PE 15637 EG020 June 2020.,15643,2020-06-01 0:00,1,0,0,0,2020-07-15 12:23,4
4920,1,15,GR-024,"INT.0788297911  JJ CUSTOMER BUSINESS DEVELOPMENT, INC June 2020.",15644,2020-06-11 0:00,1,0,0,0,2020-07-15 12:48,4
4921,1,15,GR-023,"INT.6079696514  JJ CUSTOMER BUSINESS DEVELOPMENT, INC June 2020.",15645,2020-06-09 0:00,1,0,0,0,2020-07-15 12:49,4
4922,1,15,GR-025,"INT.0788297911  JJ CUSTOMER BUSINESS DEVELOPMENT, INC June 2020.",15646,2020-06-12 0:00,1,0,0,0,2020-07-15 12:50,4
4923,1,15,GR-026,"INT.2978869508  JJ CUSTOMER BUSINESS DEVELOPMENT, INC June 2020.",15647,2020-06-26 0:00,1,0,0,0,2020-07-15 12:52,4
4924,1,15,GR-022,"INT.0051428009  debit Card Payment 9036June??2020.
",15648,2020-06-08 0:00,1,0,0,0,2020-07-15 12:54,4
4925,1,13,CA-019,General expenses paid through debit card June 2020.,15649,2020-06-30 0:00,1,0,0,0,2020-07-15 13:12,4
4926,1,13,CA-020,Bank Account Fees June 2020.,15650,2020-06-30 0:00,1,0,0,0,2020-07-15 13:15,4
4927,1,13,CA-018,"Sales June2020 F/K1172 K1173 PACIFIC U, INC Y CUSTOMER ABC (COLOMBIA)",15651,2020-06-03 0:00,1,0,0,0,2020-07-15 13:39,4
4928,1,13,CA-021,Transfer from account 205-02-005 to 205-02-012 June2020.,15652,2020-06-30 0:00,1,0,0,0,2020-07-15 14:11,4
4929,1,15,GR-027,"INT.0024707009  debit Card Payment 9036July??2020.
",15653,2020-07-07 0:00,1,0,0,0,2020-08-17 11:09,4
4930,1,14,BK-001,CHQ.2104 A/C July 2020.LA,15654,2020-07-07 0:00,1,0,0,0,2020-08-17 11:54,4
4931,1,15,GR-030,"INT.1433893209  JJ CUSTOMER BUSINESS DEVELOPMENT, INC July 2020.",15655,2020-07-28 0:00,1,0,0,0,2020-08-17 11:59,4
4932,1,15,GR-029,"INT.0889976209  JJ CUSTOMER BUSINESS DEVELOPMENT, INC July 2020.",15656,2020-07-13 0:00,1,0,0,0,2020-08-17 12:00,4
4933,1,15,GR-028,"INT.5037783610  JJ CUSTOMER BUSINESS DEVELOPMENT, INC July 2020.",15657,2020-07-10 0:00,1,0,0,0,2020-08-17 12:02,4
4934,1,13,CA-022,"Sales July2020 F/K1172 K1173 PACIFIC U, INC Y CUSTOMER ABC (COLOMBIA)",15658,2020-07-01 0:00,1,0,0,0,2020-08-17 12:12,4
4935,1,13,CA-023,General expenses paid through debit card July 2020.,15659,2020-07-31 0:00,1,0,0,0,2020-08-17 12:41,4
4936,1,13,CA-024,Bank Account Fees July 2020.,15660,2020-07-31 0:00,1,0,0,0,2020-08-17 12:44,4
4937,1,16,SA-001,INVOICE PAYMENT K1172Customer  July2020,15661,2020-07-22 0:00,1,0,0,0,2020-08-17 14:58,4
4938,1,16,SA-002,INVOICE PAYMENT K1173  CLIENT July2020.,15662,2020-07-28 0:00,1,0,0,0,2020-08-17 15:00,4
4939,1,15,GR-033,"INT.6901935808  JJ CUSTOMER BUSINESS DEVELOPMENT, INC August 2020.",15663,2020-08-12 0:00,1,0,0,0,2020-09-17 12:11,4
4940,1,15,GR-032,"INT.98224198309  JJ CUSTOMER BUSINESS DEVELOPMENT, INC August 2020.",15664,2020-08-11 0:00,1,0,0,0,2020-09-17 12:18,4
4941,1,15,GR-034,"INT.2173848208  JJ CUSTOMER BUSINESS DEVELOPMENT, INC August 2020.",15665,2020-08-24 0:00,1,0,0,0,2020-09-17 12:19,4
4942,1,15,GR-035,"INT.5480444408  JJ CUSTOMER BUSINESS DEVELOPMENT, INC August 2020.",15666,2020-08-26 0:00,1,0,0,0,2020-09-17 12:21,4
4943,1,15,GR-031,"INT.0043774016  debit Card Payment 9036July??2020.
",15667,2020-08-10 0:00,1,0,0,0,2020-09-17 14:12,4
4944,1,15,GR-036,INT. 6488356408  LG SCOTIA   August 2020.,15668,2020-08-27 0:00,1,0,0,0,2020-09-17 12:25,4
4945,1,13,CA-026,General expenses paid through debit card August 2020.,15669,2020-08-31 0:00,1,0,0,0,2020-09-17 13:35,4
4946,1,13,CA-027,Bank Account Fees August 2020.,15670,2020-08-31 0:00,1,0,0,0,2020-09-17 13:38,4
4947,1,13,CA-025,"Sales August2020 F/K1176 K1177 PACIFIC U, INC Y CUSTOMER ABC (COLOMBIA)",15671,2020-08-01 0:00,1,0,0,0,2020-09-17 14:06,4
4948,1,16,SA-003,INVOICE PAYMENT K1169 Y K1175  CLIENT August2020.,15672,2020-08-17 0:00,1,0,0,0,2020-09-17 14:38,4
4949,1,15,GR-004,"INT.8366080911  JJ CUSTOMER BUSINESS DEVELOPMENT, INC Sept 2020.",15673,2020-09-28 0:00,1,0,0,0,2020-10-15 15:30,4
4950,1,15,GR-001,"debit Card Payment Sept??2020.
",15674,2020-09-08 0:00,1,0,0,0,2020-10-15 15:31,4
4951,1,15,GR-003,"INT.3746021409  JJ CUSTOMER BUSINESS DEVELOPMENT, INC   Sept 2020.",15675,2020-09-09 0:00,1,0,0,0,2020-10-15 15:33,4
4952,1,15,GR-002,"INT.2759313423  JJ CUSTOMER BUSINESS DEVELOPMENT, INC   Sept 2020.",15676,2020-09-08 0:00,1,0,0,0,2020-10-15 15:35,4
4953,1,14,BK-002,CHQ. 2106  LEA   Sept 2020.,15677,2020-09-22 0:00,1,0,0,0,2020-10-15 15:39,4
4954,1,13,CA-003,General expenses paid through debit card Sept 2020.,15678,2020-09-30 0:00,1,0,0,0,2020-10-15 20:32,4
4955,1,13,CA-002,Bank Account Fees Sept 2020.,15679,2020-09-28 0:00,1,0,0,0,2020-10-16 11:56,4
4956,1,13,CA-001,"Sales Sept2020 F/K1178 K1179 PACIFIC U, INC Y CUSTOMER ABC (COLOMBIA)",15680,2020-09-02 0:00,1,0,0,0,2020-10-16 12:07,4
4957,1,16,SA-001,Loan to  Sept2020.,15681,2020-09-07 0:00,1,0,0,0,2020-10-16 12:14,4
4958,1,14,BK-001,CHQ.2105  Employee Payment TWP   Sept 2020.,15682,2020-09-07 0:00,1,0,0,0,2020-10-16 12:16,4
4959,1,16,SA-002,INVOICE PAYMENT K1177  CLIENT Sept2020.,15683,2020-09-08 0:00,1,0,0,0,2020-10-16 12:36,4
4960,1,15,GR-006,"INT.3570354809  JJ CUSTOMER BUSINESS DEVELOPMENT, INC October 2020.",15684,2020-10-13 0:00,1,0,0,0,2020-11-17 12:37,4
4961,1,15,GR-005,Payment to debit Card  October??2020.,15685,2020-10-06 0:00,1,0,0,0,2020-11-17 12:41,4
4962,1,15,GR-008,INT.0000438009    CPW.   October2020.,15686,2020-10-20 0:00,1,0,0,0,2020-11-17 12:43,4
4963,1,13,CA-006,Bank Account Fees October 2020.,15687,2020-10-30 0:00,1,0,0,0,2020-11-17 12:50,4
4964,1,15,GR-007,INT.0073445008  Employee October2020.,15688,2020-10-19 0:00,1,0,0,0,2020-11-17 13:40,4
4965,1,13,CA-005,General expenses paid through debit card October 2020.,15689,2020-10-25 0:00,1,0,0,0,2021-01-18 14:03,4
4966,1,13,CA-004,"Sales October2020 F/K1180 K1181 PACIFIC U, INC Y CUSTOMER ABC (COLOMBIA)",15690,2020-10-02 0:00,1,0,0,0,2020-11-17 14:52,4
4967,1,16,SA-003,INVOICE PAYMENT K1179  CLIENT October2020.,15691,2020-10-15 0:00,1,0,0,0,2020-11-17 15:08,4
4968,1,15,GR-009,"debit Card Payment Nov.??2020.
",15692,2020-11-10 0:00,1,0,0,0,2020-12-16 17:42,4
4969,1,13,CA-007,"Sales Nov.2020 F/K1182 K1183 PACIFIC U, INC Y CUSTOMER ABC (COLOMBIA)",15693,2020-11-04 0:00,1,0,0,0,2021-01-18 13:14,4
4970,1,13,CA-008,Company Expenses paid by Employee Nov. 2020.,15694,2020-11-30 0:00,1,0,0,0,2020-12-16 18:07,4
4971,1,13,CA-009,General expenses paid through debit card Nov. 2020.,15695,2020-11-30 0:00,1,0,0,0,2020-12-16 18:46,4
4972,1,13,CA-010,Bank Account Fees Nov. 2020.,15696,2020-11-30 0:00,1,0,0,0,2020-12-16 18:50,4
4973,1,16,SA-004,INVOICE PAYMENT K1181  CLIENT Nov.2020.,15697,2020-11-09 0:00,1,0,0,0,2020-12-17 12:06,4
4974,1,16,SA-005,"INVOICE PAYMENT K1174,1176,1178 Y 1180Customer  Nov.2020.",15698,2020-11-09 0:00,1,0,0,0,2020-12-17 12:33,4
4975,1,14,,CHQ. 2107 Loan Repayment Dec 2020.,15699,2020-12-23 0:00,1,0,0,0,2021-01-18 11:28,4
4976,1,15,,INT.0084729014  Employee December2020.,15700,2020-12-21 0:00,1,0,0,0,2021-01-18 11:33,4
4977,1,15,,"debit Card Payment December??2020.
",15701,2020-12-10 0:00,1,0,0,0,2021-01-18 11:36,4
4978,1,13,,General expenses paid through debit cardcember 2020.,15702,2020-12-31 0:00,1,0,0,0,2021-01-18 12:31,4
4979,1,13,,SCHOOL OF GRADUATES   December2020.,15703,2020-12-09 0:00,1,0,0,0,2021-01-18 12:39,4
4980,1,13,,"Sales December2020 F/K1184,1185,1186   CUSTOMER ABC (COLOMBIA),PACIFIC U, INC.",15704,2020-12-01 0:00,1,0,0,0,2021-01-18 14:02,4
4981,1,13,,Bank Account Fees December 2020.,15705,2020-12-31 0:00,1,0,0,0,2021-01-18 13:33,4
4982,1,16,,INVOICE PAYMENT K1182Customer  December2020,15706,2020-12-07 0:00,1,0,0,0,2021-01-18 13:53,4
